Key,Created,Resolved,Affected Versions
STORM-75,2013-12-14T06:23:43Z,2015-10-09T01:21:44Z,
STORM-86,2013-12-14T08:04:50Z,2014-08-08T18:15:47Z,
STORM-87,2013-12-14T08:05:59Z,2014-08-07T16:33:46Z,
STORM-113,2013-12-14T16:07:21Z,2014-05-02T19:14:46Z,
STORM-130,2013-12-15T05:08:12Z,2015-02-23T16:50:42Z,0.9.2-incubating;0.9.3;0.9.4
STORM-134,2013-12-15T05:23:21Z,2015-10-09T01:21:22Z,
STORM-139,2013-12-15T06:04:26Z,2015-07-22T23:48:31Z,
STORM-143,2013-12-15T06:13:16Z,2016-04-28T00:58:21Z,
STORM-146,2013-12-15T06:20:08Z,2014-03-12T16:33:37Z,
STORM-149,2013-12-15T06:28:07Z,2015-10-09T01:15:34Z,
STORM-155,2013-12-15T06:52:13Z,2014-07-25T21:37:58Z,
STORM-156,2013-12-15T06:55:24Z,2015-10-09T01:20:34Z,
STORM-181,2013-12-20T20:50:02Z,2014-01-08T00:46:47Z,
STORM-183,2013-12-23T01:40:47Z,2014-06-25T14:04:11Z,
STORM-186,2013-12-24T04:25:27Z,2014-03-12T16:37:23Z,
STORM-187,2013-12-26T15:08:53Z,2014-03-05T19:33:26Z,
STORM-188,2014-01-02T05:45:37Z,2015-04-03T20:45:45Z,
STORM-194,2014-01-12T01:00:11Z,2014-04-22T16:39:44Z,
STORM-195,2014-01-15T03:16:11Z,2015-10-09T01:19:49Z,
STORM-196,2014-01-15T14:49:39Z,2014-04-11T14:35:57Z,
STORM-198,2014-01-26T17:18:52Z,2014-02-05T03:08:45Z,
STORM-203,2014-01-28T10:05:18Z,2016-11-03T17:45:40Z,
STORM-214,2014-02-05T15:57:49Z,2015-03-22T22:13:32Z,
STORM-237,2014-02-10T01:54:33Z,2014-02-10T14:00:49Z,
STORM-238,2014-02-10T14:02:49Z,2014-04-25T18:58:47Z,
STORM-239,2014-02-10T21:56:46Z,2014-07-31T00:37:16Z,
STORM-242,2014-02-17T06:21:34Z,2015-03-09T00:18:40Z,
STORM-244,2014-02-25T18:17:34Z,2014-06-06T16:47:52Z,
STORM-248,2014-02-26T17:05:01Z,2015-01-16T22:34:32Z,
STORM-254,2014-03-06T06:42:56Z,2014-07-21T16:24Z,0.9.2-incubating
STORM-259,2014-03-20T13:36:44Z,2014-03-20T21:40:22Z,
STORM-260,2014-03-21T20:21:24Z,2014-06-18T17:43:39Z,0.9.2-incubating
STORM-264,2014-03-24T14:58:02Z,2014-05-19T21:32:53Z,
STORM-267,2014-03-26T18:16:16Z,2014-05-20T17:15:31Z,
STORM-269,2014-03-27T23:51:36Z,2014-05-21T21:31:28Z,0.9.2-incubating
STORM-273,2014-04-03T20:30:09Z,2014-04-08T16:11Z,
STORM-274,2014-04-03T20:43:48Z,2014-08-25T17:59:04Z,0.9.2-incubating
STORM-275,2014-04-03T21:12:01Z,2014-04-11T15:48:20Z,0.9.2-incubating
STORM-277,2014-04-05T10:17:28Z,2014-08-08T18:19:58Z,
STORM-279,2014-04-07T23:59:05Z,2014-08-08T19:50:31Z,
STORM-280,2014-04-09T16:26:37Z,2014-05-14T15:26:50Z,
STORM-281,2014-04-10T21:47:19Z,2014-04-25T18:24:36Z,
STORM-282,2014-04-11T00:26:24Z,2014-09-10T19:36:09Z,
STORM-285,2014-04-16T15:07:54Z,2014-04-18T18:02:38Z,
STORM-286,2014-04-19T06:09:24Z,2014-04-25T18:22:31Z,
STORM-287,2014-04-19T13:19:24Z,2014-04-24T19:03:32Z,
STORM-289,2014-04-22T02:09:28Z,2014-04-24T18:59:44Z,0.9.2-incubating
STORM-290,2014-04-22T16:11:08Z,2014-04-24T19:04:06Z,0.9.2-incubating
STORM-292,2014-04-22T17:43:56Z,2015-09-08T20:47:04Z,0.9.2-incubating
STORM-294,2014-04-23T19:09:32Z,2014-04-25T15:41:38Z,0.9.2-incubating
STORM-295,2014-04-24T18:01:17Z,2014-05-19T22:06:46Z,
STORM-296,2014-04-25T02:59:07Z,2014-05-06T15:54:45Z,0.9.2-incubating
STORM-297,2014-04-25T03:54:23Z,2014-06-09T13:49:56Z,
STORM-298,2014-04-25T18:06:28Z,2014-05-14T15:10:53Z,
STORM-303,2014-04-28T19:32:47Z,2014-05-20T18:59:29Z,0.9.2-incubating
STORM-307,2014-05-05T10:31:54Z,2014-11-04T13:10:56Z,0.9.1-incubating
STORM-313,2014-05-07T18:45:16Z,2014-06-06T16:15:44Z,
STORM-319,2014-05-14T16:23:22Z,2015-10-09T01:19:25Z,
STORM-322,2014-05-16T13:40:51Z,2015-01-16T19:59:33Z,0.9.2-incubating
STORM-326,2014-05-19T06:53:54Z,2014-05-29T19:14:35Z,0.9.2-incubating;0.9.1-incubating;0.9.0.1
STORM-328,2014-05-20T14:14:05Z,2014-07-15T14:22:08Z,0.9.2-incubating;0.9.1-incubating;0.9.0.1
STORM-330,2014-05-21T12:57:11Z,2014-08-29T19:59:24Z,0.9.1-incubating
STORM-335,2014-05-30T19:48:49Z,2014-06-09T20:39:11Z,
STORM-338,2014-06-04T23:19:18Z,2014-06-12T20:29:35Z,0.9.2-incubating
STORM-341,2014-06-05T09:00:14Z,2014-08-29T17:42:26Z,0.9.2-incubating
STORM-342,2014-06-09T13:59:56Z,2014-06-12T21:04:19Z,
STORM-343,2014-06-09T15:47:32Z,2014-06-09T19:52:54Z,
STORM-344,2014-06-10T19:18:06Z,2014-06-12T17:55:11Z,
STORM-346,2014-06-10T19:28:54Z,2014-08-07T15:13:53Z,
STORM-347,2014-06-10T19:32:10Z,2014-07-28T22:20:26Z,
STORM-348,2014-06-10T19:35:46Z,2014-07-30T16:17:58Z,
STORM-349,2014-06-10T19:39:39Z,2014-08-18T19:23:18Z,
STORM-351,2014-06-13T06:03:31Z,2014-07-10T13:09Z,0.9.3
STORM-352,2014-06-13T17:58:59Z,2014-06-13T19:48:35Z,0.9.2-incubating
STORM-355,2014-06-17T12:34:47Z,2014-06-24T20:26:58Z,0.9.2-incubating
STORM-356,2014-06-17T14:17:24Z,2014-08-29T15:39:56Z,0.9.2-incubating
STORM-357,2014-06-17T15:56:37Z,2014-06-17T18:38:41Z,
STORM-358,2014-06-17T16:09:30Z,2014-06-17T17:59:53Z,
STORM-366,2014-06-23T16:14:38Z,2014-07-31T00:04:56Z,
STORM-369,2014-06-24T09:47:43Z,2014-07-31T00:15:03Z,0.9.2-incubating;0.9.3
STORM-370,2014-06-24T19:09:43Z,2014-06-30T19:41:47Z,0.9.2-incubating
STORM-372,2014-06-25T15:01:28Z,2014-06-30T20:33:31Z,0.9.2-incubating
STORM-381,2014-07-01T12:23:26Z,2014-07-15T22:03:15Z,0.9.2-incubating
STORM-384,2014-07-02T10:28:20Z,2014-09-18T14:18:55Z,0.9.2-incubating
STORM-388,2014-07-03T22:13:40Z,2015-03-09T00:14:01Z,0.9.2-incubating
STORM-390,2014-07-07T23:11:24Z,2015-01-29T20:49:35Z,0.9.2-incubating
STORM-394,2014-07-08T07:32:23Z,2016-06-20T03:38:01Z,0.9.1-incubating
STORM-395,2014-07-08T22:09:25Z,2014-07-09T17:46:31Z,
STORM-396,2014-07-09T12:20:58Z,2014-08-07T20:58:16Z,0.9.1-incubating
STORM-398,2014-07-09T17:48:24Z,2014-09-23T15:43:34Z,
STORM-399,2014-07-09T21:32:55Z,2014-07-24T22:03:44Z,0.9.2-incubating
STORM-401,2014-07-14T04:17:23Z,2014-08-26T21:40:18Z,
STORM-402,2014-07-14T12:48:10Z,2014-07-21T16:48:11Z,0.9.2-incubating;0.9.3
STORM-403,2014-07-16T04:27:29Z,2014-07-21T16:36:11Z,
STORM-406,2014-07-17T13:20:38Z,2014-07-29T12:23:51Z,0.9.2-incubating;0.9.1-incubating;0.9.0.1
STORM-408,2014-07-17T14:13:46Z,2016-09-13T20:18:28Z,0.9.0.1
STORM-415,2014-07-21T21:46:53Z,2014-07-25T21:26:39Z,
STORM-417,2014-07-22T22:58:46Z,2014-08-07T20:43:21Z,
STORM-419,2014-07-23T15:00:42Z,2014-07-25T21:58:26Z,
STORM-420,2014-07-24T21:25:16Z,2014-07-24T21:44:12Z,0.9.2-incubating
STORM-422,2014-07-24T21:41:03Z,2014-11-04T07:36:14Z,0.9.1-incubating
STORM-424,2014-07-25T10:13:05Z,2014-08-29T17:12:04Z,0.9.2-incubating
STORM-427,2014-07-29T21:46:25Z,2014-09-23T18:42:12Z,0.10.0
STORM-437,2014-08-05T10:26:14Z,2014-08-25T16:23:48Z,0.9.2-incubating
STORM-439,2014-08-05T20:45:59Z,2014-10-07T19:28:10Z,0.9.2-incubating
STORM-442,2014-08-07T07:50:24Z,2015-01-06T21:29:47Z,0.9.3
STORM-443,2014-08-07T08:39:07Z,2014-08-19T17:42:37Z,0.9.3
STORM-445,2014-08-08T09:08:44Z,2014-10-21T19:41:33Z,
STORM-447,2014-08-08T18:33:09Z,2014-08-29T15:39:12Z,
STORM-449,2014-08-11T18:46:18Z,2014-08-25T15:20:01Z,
STORM-451,2014-08-12T17:44:39Z,2014-08-16T20:26:59Z,0.9.3
STORM-454,2014-08-13T22:25:11Z,2014-08-29T16:05:16Z,0.9.2-incubating
STORM-456,2014-08-14T19:28:59Z,2015-06-01T19:17:04Z,0.9.1-incubating
STORM-458,2014-08-14T22:02:30Z,2014-08-19T15:54:36Z,0.9.2-incubating
STORM-460,2014-08-17T21:49:28Z,2014-09-05T15:43:25Z,0.10.0
STORM-461,2014-08-19T19:00:44Z,2014-08-29T17:26:52Z,
STORM-464,2014-08-20T15:55:17Z,2014-08-25T15:29:20Z,0.9.3
STORM-468,2014-08-23T22:17:42Z,2016-01-11T20:34:55Z,0.9.2-incubating
STORM-472,2014-08-25T19:26:08Z,2014-08-25T20:57:39Z,0.9.3
STORM-475,2014-08-26T21:10:40Z,2014-09-04T13:34:48Z,0.9.2-incubating
STORM-476,2014-08-26T23:32:26Z,2014-08-29T17:13Z,0.9.2-incubating;0.9.1-incubating;0.9.0.1;0.9.3
STORM-477,2014-08-27T14:49:32Z,2015-06-26T16:52:09Z,0.9.2-incubating
STORM-479,2014-08-28T14:41:15Z,2014-09-05T16:29:20Z,0.10.0
STORM-480,2014-08-28T21:22:43Z,2014-09-23T18:58:30Z,
STORM-482,2014-08-29T19:48:37Z,2014-10-07T21:27:08Z,
STORM-485,2014-09-03T15:04:43Z,2014-09-23T21:23Z,
STORM-486,2014-09-04T16:12:08Z,2014-09-23T21:35:40Z,
STORM-488,2014-09-05T09:46:41Z,2014-10-07T20:45:44Z,0.9.3
STORM-489,2014-09-05T18:12:33Z,2014-09-24T19:54:47Z,
STORM-490,2014-09-08T21:23:56Z,2014-10-07T20:28:48Z,0.9.3
STORM-492,2014-09-08T21:56:58Z,2015-10-09T01:18:52Z,
STORM-493,2014-09-10T13:22:08Z,2014-09-24T21:00:30Z,0.9.2-incubating;0.9.3
STORM-496,2014-09-12T22:20:32Z,2015-03-12T17:56:40Z,
STORM-497,2014-09-13T14:13:12Z,2014-11-04T05:22:31Z,0.9.3
STORM-499,2014-09-17T16:26:54Z,2014-10-21T19:30:58Z,0.9.3
STORM-500,2014-09-18T15:49:56Z,2014-09-22T21:57:04Z,0.9.2-incubating
STORM-501,2014-09-19T14:42:57Z,2014-09-23T18:49:50Z,0.9.2-incubating
STORM-502,2014-09-22T18:15:40Z,2014-10-07T22:04:22Z,
STORM-503,2014-09-22T22:40:30Z,2015-07-16T23:42:25Z,0.9.2-incubating;0.9.1-incubating;0.9.3
STORM-504,2014-09-22T22:55:27Z,2014-10-01T22:44:34Z,
STORM-505,2014-09-23T15:39Z,2014-12-23T18:01:17Z,0.10.0
STORM-506,2014-09-24T05:49:37Z,2014-10-07T20:34:51Z,0.9.2-incubating
STORM-507,2014-09-24T17:46:37Z,2014-10-01T22:58:34Z,0.9.3
STORM-509,2014-09-25T13:45:53Z,2014-10-27T20:18:15Z,0.10.0
STORM-511,2014-09-27T14:19Z,2014-10-27T20:48:43Z,0.9.3
STORM-512,2014-10-01T08:50:33Z,2015-04-03T14:40:29Z,
STORM-513,2014-10-01T20:10:06Z,2014-11-14T21:54:03Z,0.9.2-incubating
STORM-525,2014-10-09T16:45:32Z,2015-01-27T17:56:25Z,0.9.2-incubating
STORM-527,2014-10-11T02:50:30Z,2015-02-02T20:14:02Z,0.9.3
STORM-529,2014-10-11T13:00:56Z,2014-11-04T12:53:07Z,0.9.2-incubating
STORM-531,2014-10-14T10:05:03Z,2015-03-09T00:12:06Z,0.9.3
STORM-537,2014-10-20T12:53:47Z,2014-11-12T13:16:56Z,0.9.3
STORM-538,2014-10-20T23:00:12Z,2014-10-27T20:44:35Z,0.9.3
STORM-539,2014-10-22T01:55:37Z,2015-03-11T20:57:55Z,
STORM-541,2014-10-24T19:35:21Z,2015-03-17T15:42:29Z,0.10.0;0.9.3-rc2
STORM-543,2014-10-30T14:20:26Z,2015-10-09T01:17:27Z,0.9.2-incubating
STORM-546,2014-11-04T16:33:42Z,2015-10-09T01:17:03Z,0.9.3-rc2
STORM-548,2014-11-05T08:43:33Z,2015-10-09T01:16:40Z,0.9.3-rc2
STORM-549,2014-11-06T18:20:31Z,2014-11-14T22:13:50Z,0.9.2-incubating;0.9.1-incubating
STORM-554,2014-11-13T09:12:23Z,2015-03-05T15:54:54Z,0.9.3-rc2
STORM-555,2014-11-13T23:47:59Z,2014-11-17T20:13:25Z,
STORM-558,2014-11-17T07:12:20Z,2014-11-17T20:50:56Z,
STORM-563,2014-11-20T00:46:14Z,2015-04-19T21:10:10Z,
STORM-565,2014-11-20T14:23:49Z,2014-11-28T22:48:34Z,0.10.0
STORM-566,2014-11-20T16:07:44Z,2015-10-26T16:29:09Z,
STORM-574,2014-11-25T23:36:14Z,2014-11-30T02:08:25Z,0.9.2-incubating
STORM-577,2014-11-28T09:48:52Z,2014-12-23T17:03:17Z,0.10.0;0.9.3-rc2
STORM-578,2014-11-30T04:40:28Z,2015-01-09T21:31:11Z,
STORM-582,2014-12-03T13:41:42Z,2015-06-22T04:58:57Z,0.9.2-incubating
STORM-583,2014-12-03T22:53:27Z,2015-04-24T20:56:13Z,0.9.3
STORM-584,2014-12-05T14:54:20Z,2016-03-22T19:28:50Z,0.9.6
STORM-585,2014-12-05T16:34:07Z,2015-01-17T15:58:25Z,0.9.2-incubating;0.9.3;0.10.0;0.9.3-rc2
STORM-586,2014-12-05T22:47:44Z,2017-12-28T04:54:53Z,0.9.3
STORM-596,2014-12-17T05:29:23Z,2015-05-22T19:55:27Z,0.10.0;0.9.3-rc2
STORM-603,2014-12-23T23:04:22Z,2015-05-04T19:20:23Z,
STORM-608,2014-12-26T05:57:27Z,2015-02-03T19:33:58Z,0.9.3
STORM-610,2014-12-29T05:15:41Z,2015-01-06T20:55:30Z,
STORM-611,2014-12-29T05:42:21Z,2015-01-06T20:44:16Z,
STORM-612,2014-12-29T06:03:03Z,2015-01-06T17:04:54Z,
STORM-613,2014-12-29T08:51:53Z,2015-01-06T16:33:48Z,0.10.0
STORM-620,2015-01-09T13:26:40Z,2015-01-14T17:27:34Z,0.9.3-rc2
STORM-625,2015-01-14T16:31:58Z,2015-06-01T19:38:43Z,
STORM-627,2015-01-14T22:48:47Z,2015-01-16T22:53:06Z,0.9.3
STORM-630,2015-01-19T15:22:34Z,2015-01-23T20:21:12Z,
STORM-633,2015-01-20T17:04:56Z,2015-02-23T17:55:41Z,0.9.3
STORM-635,2015-01-22T01:43:58Z,2015-02-03T17:11:20Z,
STORM-636,2015-01-22T16:37:42Z,2015-02-03T18:54:51Z,0.10.0
STORM-640,2015-01-30T18:49:53Z,2015-02-23T17:55:15Z,
STORM-641,2015-01-30T18:51:19Z,2015-02-23T18:13:44Z,
STORM-643,2015-02-01T09:20:59Z,2015-07-20T15:37:05Z,0.9.2-incubating;0.9.3;0.10.0;0.9.4;0.9.5
STORM-648,2015-02-02T22:10:28Z,2015-02-23T17:56Z,
STORM-649,2015-02-02T22:15:44Z,2015-02-23T22:13:57Z,
STORM-651,2015-02-02T22:25:54Z,2015-02-23T17:56:58Z,
STORM-659,2015-02-06T23:46:23Z,2015-03-08T23:56:23Z,0.9.3
STORM-670,2015-02-12T17:09:50Z,2015-03-11T21:36:21Z,0.10.0
STORM-675,2015-02-18T01:04:47Z,2015-03-08T20:45:36Z,
STORM-682,2015-02-20T18:56:24Z,2015-03-18T15:07:03Z,
STORM-683,2015-02-20T21:10:31Z,2015-02-23T17:04:55Z,
STORM-684,2015-02-23T16:14:45Z,2015-02-23T16:54:03Z,
STORM-685,2015-02-23T17:00:50Z,2015-02-23T17:12:42Z,0.9.3
STORM-687,2015-02-24T02:21:24Z,2015-02-25T21:50:56Z,
STORM-688,2015-02-24T21:27:29Z,2015-02-25T21:13:43Z,
STORM-690,2015-02-26T00:21:51Z,2015-03-11T20:45:42Z,0.10.0
STORM-693,2015-02-26T21:48:39Z,2015-03-18T15:01:41Z,0.9.3
STORM-694,2015-02-27T09:42:31Z,2015-06-01T20:01:46Z,0.10.0
STORM-695,2015-02-27T16:11:09Z,2016-01-05T21:22:22Z,0.9.3
STORM-703,2015-03-11T23:53:43Z,2015-03-24T14:42:42Z,0.10.0
STORM-708,2015-03-16T22:20:39Z,2015-06-01T20:23:56Z,
STORM-711,2015-03-18T17:41:25Z,2015-06-01T20:24:39Z,0.9.3
STORM-713,2015-03-19T17:22:56Z,2015-06-01T20:27Z,0.9.3;0.10.0
STORM-715,2015-03-23T11:49:42Z,2015-05-28T20:33:06Z,
STORM-723,2015-03-25T00:58:47Z,2015-03-26T14:40:39Z,0.10.0
STORM-727,2015-03-26T21:13:09Z,2015-03-30T14:53:05Z,
STORM-728,2015-03-26T21:23:45Z,2015-05-28T20:22:52Z,0.9.5
STORM-729,2015-03-26T22:01:24Z,2015-05-28T20:26:30Z,0.10.0
STORM-730,2015-03-26T22:11:49Z,2015-04-23T19:15:15Z,0.10.0
STORM-737,2015-03-30T18:59:28Z,2015-07-27T23:00:23Z,0.9.2-incubating
STORM-740,2015-03-31T17:36:13Z,2015-04-03T20:57:28Z,0.10.0;0.9.4
STORM-742,2015-03-31T21:47:09Z,2015-08-14T13:46:26Z,0.9.3;0.10.0;0.9.4;1.0.0
STORM-745,2015-04-02T11:02:53Z,2015-10-09T01:16:16Z,0.9.3-rc2;0.9.4
STORM-747,2015-04-02T14:14:45Z,2015-04-23T16:37:12Z,
STORM-750,2015-04-03T14:48:28Z,2015-04-06T17:25:51Z,
STORM-751,2015-04-03T23:36:30Z,2015-08-03T02:46:58Z,0.10.0
STORM-757,2015-04-06T20:40:26Z,2015-04-13T21:12:52Z,
STORM-760,2015-04-07T18:53:01Z,2015-06-04T19:04:10Z,
STORM-762,2015-04-07T23:17:28Z,2015-04-13T21:52:48Z,0.10.0
STORM-763,2015-04-08T09:38:50Z,2015-07-14T19:18:26Z,0.9.4
STORM-766,2015-04-09T22:21:35Z,2015-04-22T18:58:42Z,0.10.0
STORM-772,2015-04-15T17:24:27Z,2015-04-20T13:55:20Z,
STORM-773,2015-04-15T19:18:56Z,2015-04-20T13:55:30Z,
STORM-786,2015-04-16T09:32:09Z,2015-04-20T21:50:59Z,0.10.0
STORM-787,2015-04-16T16:19:02Z,2015-04-22T20:35:28Z,
STORM-788,2015-04-16T20:00:38Z,2015-04-20T16:23Z,0.9.2-incubating
STORM-790,2015-04-17T04:40:50Z,2015-06-01T20:57:38Z,0.9.2-incubating;0.9.3;0.10.0;0.9.4;1.0.0
STORM-791,2015-04-17T18:32:47Z,2015-04-20T17:20:16Z,
STORM-793,2015-04-21T19:31:03Z,2015-07-16T17:55:27Z,0.10.0
STORM-794,2015-04-22T06:17:44Z,2015-11-12T15:50:56Z,0.9.3
STORM-796,2015-04-23T20:52:12Z,2015-06-11T03:15:16Z,0.9.4
STORM-797,2015-04-23T21:32:06Z,2015-04-28T16:29:30Z,
STORM-800,2015-04-24T21:36:57Z,2015-04-26T17:35Z,
STORM-807,2015-05-01T14:31:30Z,2015-05-07T19:53:12Z,0.10.0
STORM-808,2015-05-04T21:06:04Z,2015-05-22T19:44:19Z,
STORM-809,2015-05-04T21:49:18Z,2015-06-22T04:39:09Z,
STORM-811,2015-05-06T21:16:48Z,2015-05-22T19:11:35Z,
STORM-813,2015-05-11T14:03:09Z,2015-06-09T19:52:33Z,1.0.0
STORM-816,2015-05-12T21:52:12Z,2015-05-22T19:36:05Z,
STORM-818,2015-05-13T19:40:37Z,2015-06-03T17:37:06Z,0.9.3
STORM-827,2015-05-19T17:29:21Z,2015-05-22T19:22:31Z,
STORM-829,2015-05-19T19:00:50Z,2016-09-09T17:27:02Z,
STORM-837,2015-05-26T16:00:31Z,2015-08-14T18:01:59Z,
STORM-839,2015-05-28T15:24:02Z,2015-07-14T19:19:06Z,0.9.4
STORM-842,2015-06-01T21:13:55Z,2015-06-03T17:37:46Z,0.10.0
STORM-849,2015-06-04T22:20:20Z,2015-06-05T15:35:32Z,
STORM-850,2015-06-04T23:01:52Z,2015-06-05T17:29:33Z,
STORM-852,2015-06-05T15:02Z,2015-06-09T19:51:34Z,0.9.3;0.10.0;0.9.4;0.9.5
STORM-853,2015-06-06T04:04:53Z,2015-06-09T19:50:58Z,
STORM-856,2015-06-08T21:31:20Z,2015-06-10T01:22:03Z,0.10.0
STORM-857,2015-06-09T16:16:13Z,2015-07-16T20:55:19Z,
STORM-860,2015-06-10T10:09:51Z,2015-06-15T14:27:58Z,
STORM-867,2015-06-15T12:19:25Z,2015-06-22T03:48:38Z,0.10.0
STORM-873,2015-06-18T03:52:23Z,2015-06-27T16:33:52Z,
STORM-874,2015-06-18T05:39:22Z,2015-11-30T21:00:03Z,0.9.2-incubating;0.10.0
STORM-922,2015-07-01T14:59:01Z,2015-10-02T20:23:40Z,1.0.0
STORM-933,2015-07-10T18:25:27Z,2015-08-02T23:02:31Z,0.9.5
STORM-944,2015-07-17T00:59:56Z,2015-08-11T22:14:53Z,
STORM-945,2015-07-17T03:17:40Z,2015-07-30T14:51:33Z,0.10.0
STORM-948,2015-07-17T12:24:41Z,2016-03-21T12:34:17Z,0.9.5
STORM-951,2015-07-17T22:46:38Z,2015-09-08T04:07:08Z,
STORM-965,2015-07-28T15:32:54Z,2015-09-10T19:39:14Z,
STORM-967,2015-07-30T13:52:17Z,2015-10-02T20:23:15Z,
STORM-973,2015-08-07T09:02:04Z,2016-06-29T04:06:13Z,0.9.4
STORM-976,2015-08-10T18:53:55Z,2015-08-18T15:51:12Z,0.10.0
STORM-977,2015-08-10T19:31:23Z,2015-08-13T17:19:58Z,0.10.0
STORM-988,2015-08-13T02:37:40Z,2015-08-14T15:00:43Z,
STORM-992,2015-08-14T02:33:53Z,2015-08-25T00:27:13Z,
STORM-994,2015-08-14T20:59:32Z,2015-09-01T22:05:25Z,0.9.3;0.10.0;0.9.4;1.0.0;0.9.5
STORM-996,2015-08-17T21:44:35Z,2015-09-05T01:59:58Z,0.10.0;0.9.6
STORM-1001,2015-08-21T07:19:07Z,2015-09-01T21:25:58Z,0.10.0
STORM-1005,2015-08-25T09:03:53Z,2015-09-19T00:03:42Z,0.9.4
STORM-1011,2015-08-26T23:33:57Z,2015-09-17T10:00:36Z,
STORM-1012,2015-08-26T23:36:34Z,2015-10-02T20:22:43Z,
STORM-1017,2015-08-28T15:24:21Z,2015-10-21T23:11:51Z,
STORM-1024,2015-09-01T14:45:24Z,2015-09-05T14:38:21Z,
STORM-1026,2015-09-02T19:34:48Z,2015-09-21T15:19:58Z,0.10.0;1.0.0;0.9.6
STORM-1027,2015-09-04T07:24:08Z,2015-09-16T22:35:12Z,0.10.0;0.9.5
STORM-1030,2015-09-04T19:22:38Z,2016-03-29T08:03:11Z,
STORM-1042,2015-09-10T20:11:52Z,2015-10-02T20:24:08Z,0.10.0
STORM-1044,2015-09-11T16:40:25Z,2015-10-09T01:07Z,
STORM-1050,2015-09-17T01:41:32Z,2015-09-19T01:47:50Z,0.10.0;1.0.0;0.9.5
STORM-1051,2015-09-17T17:50:09Z,2015-09-20T22:07:35Z,0.10.0;1.0.0;0.9.6
STORM-1054,2015-09-19T16:39:22Z,2015-09-21T21:24:21Z,
STORM-1063,2015-09-23T00:03:45Z,2015-09-30T19:51:33Z,1.0.0
STORM-1069,2015-09-25T13:51:58Z,2015-09-29T14:20:02Z,
STORM-1073,2015-09-28T21:42:26Z,2015-10-28T13:28:01Z,
STORM-1078,2015-09-30T20:38:01Z,2015-10-03T13:40:47Z,1.0.0
STORM-1087,2015-10-05T16:07:08Z,2015-10-09T19:21:14Z,
STORM-1090,2015-10-06T18:32:02Z,2015-10-09T07:10:07Z,1.0.0
STORM-1094,2015-10-07T15:17:36Z,2015-10-09T07:05:36Z,0.10.0;1.0.0;0.9.6
STORM-1096,2015-10-07T20:01:15Z,2015-10-09T14:23:42Z,0.10.0
STORM-1099,2015-10-08T22:56:45Z,2015-10-10T14:11:24Z,
STORM-1103,2015-10-09T18:41:08Z,2015-10-20T23:13:34Z,1.0.0
STORM-1104,2015-10-09T23:45:22Z,2015-10-12T17:56:21Z,1.0.0
STORM-1106,2015-10-12T16:24:19Z,2015-10-15T14:48:26Z,0.10.0
STORM-1110,2015-10-14T18:36:07Z,2015-10-20T13:24:11Z,
STORM-1111,2015-10-14T20:05:11Z,2015-10-24T01:31:45Z,
STORM-1114,2015-10-15T15:41:36Z,2017-04-13T20:16:51Z,
STORM-1115,2015-10-15T21:15:50Z,2015-10-21T19:38:28Z,1.0.0
STORM-1117,2015-10-16T15:24:59Z,2015-10-20T20:34:58Z,
STORM-1120,2015-10-21T13:30:17Z,2015-11-25T20:05:20Z,1.0.0
STORM-1121,2015-10-21T17:32:54Z,2015-10-24T01:08:36Z,
STORM-1134,2015-10-27T15:40:09Z,2015-11-06T20:57:54Z,0.10.0
STORM-1142,2015-10-29T16:37:11Z,2015-10-29T16:46:14Z,1.0.0
STORM-1147,2015-10-29T20:46:52Z,2016-02-17T23:34:34Z,0.10.0
STORM-1148,2015-10-29T20:52:17Z,2015-11-05T21:26:59Z,0.9.3;0.10.0;0.9.4;0.9.5;0.9.6
STORM-1150,2015-10-30T09:52:11Z,2016-01-11T19:05:21Z,0.10.0
STORM-1160,2015-11-03T15:10:14Z,2016-01-11T15:19:04Z,
STORM-1161,2015-11-03T15:12:53Z,2015-11-06T15:45:59Z,
STORM-1163,2015-11-03T19:44:50Z,2015-11-05T21:12:39Z,
STORM-1168,2015-11-04T17:04:24Z,2015-11-05T20:43:56Z,1.0.0
STORM-1170,2015-11-04T17:21:06Z,2015-11-05T20:55:19Z,
STORM-1177,2015-11-05T15:21:34Z,2015-11-09T03:21:27Z,1.0.0
STORM-1179,2015-11-05T19:47:43Z,2015-12-18T19:52:13Z,1.0.0
STORM-1180,2015-11-05T21:38:52Z,2015-11-06T19:26:35Z,0.10.0
STORM-1185,2015-11-06T04:56:20Z,2015-11-10T13:12Z,1.0.0
STORM-1189,2015-11-08T06:02:37Z,2015-11-10T15:05:30Z,0.10.0
STORM-1190,2015-11-09T03:18:26Z,2015-11-13T16:26:35Z,1.0.0
STORM-1191,2015-11-09T16:44:26Z,2015-11-12T17:16:44Z,
STORM-1203,2015-11-13T03:56:26Z,2015-11-24T19:54:45Z,
STORM-1204,2015-11-13T18:51:03Z,2015-11-18T20:52:22Z,
STORM-1208,2015-11-16T19:48:44Z,2015-11-18T19:50:55Z,1.0.0
STORM-1213,2015-11-17T14:50:38Z,2015-11-23T22:05:41Z,1.0.0
STORM-1217,2015-11-18T19:58:42Z,2015-11-24T22:51:30Z,
STORM-1218,2015-11-18T21:38:52Z,2016-01-04T18:00:27Z,
STORM-1219,2015-11-19T17:12:47Z,2016-01-11T19:09Z,
STORM-1220,2015-11-19T21:00:36Z,2015-11-26T21:25:43Z,
STORM-1221,2015-11-19T22:23:46Z,2015-11-21T02:10:50Z,
STORM-1223,2015-11-21T02:22:28Z,2015-12-02T16:31:40Z,
STORM-1344,2015-11-24T05:29:30Z,2016-09-02T00:57:35Z,1.0.0
STORM-1348,2015-11-24T19:13:42Z,2016-01-11T20:32:08Z,
STORM-1349,2015-11-24T19:28:23Z,2015-11-24T19:43:05Z,
STORM-1359,2015-12-01T12:59:48Z,2015-12-11T04:58:31Z,
STORM-1361,2015-12-02T14:59:45Z,2015-12-02T16:01:55Z,
STORM-1363,2015-12-03T07:32:48Z,2017-02-22T07:41:49Z,0.10.1;1.x
STORM-1370,2015-12-04T14:56:27Z,2015-12-10T17:16:06Z,
STORM-1375,2015-12-05T15:22:05Z,2015-12-07T13:56:29Z,1.0.0
STORM-1376,2015-12-07T06:37:08Z,2015-12-17T21:36:20Z,1.0.0
STORM-1377,2015-12-07T17:19:12Z,2015-12-17T17:12:49Z,0.10.0;1.0.0
STORM-1378,2015-12-07T21:10:28Z,2015-12-10T17:31:24Z,
STORM-1385,2015-12-10T00:56:31Z,2015-12-11T05:00:19Z,
STORM-1388,2015-12-11T06:30:23Z,2015-12-17T22:07:18Z,
STORM-1395,2015-12-16T20:58:19Z,2015-12-17T21:39:34Z,1.0.0
STORM-1396,2015-12-16T22:33:41Z,2016-01-06T21:08:38Z,
STORM-1397,2015-12-16T22:38:30Z,2016-01-04T21:36:42Z,
STORM-1398,2015-12-17T14:37:59Z,2015-12-21T17:50:46Z,1.0.0
STORM-1399,2015-12-17T15:53:01Z,2015-12-21T19:31:38Z,1.0.0
STORM-1400,2015-12-17T18:33:33Z,2015-12-18T19:04:46Z,0.10.0
STORM-1402,2015-12-18T17:27:08Z,2015-12-21T23:16:19Z,1.0.0
STORM-1405,2015-12-18T19:56:11Z,2016-01-21T07:18:43Z,
STORM-1407,2015-12-21T21:15:24Z,2015-12-28T16:19:30Z,1.0.0
STORM-1408,2015-12-22T17:28:01Z,2016-01-11T17:19:02Z,
STORM-1409,2015-12-22T19:54:25Z,2015-12-28T14:39:38Z,
STORM-1411,2015-12-23T08:38:29Z,2015-12-25T05:27:44Z,
STORM-1412,2015-12-23T09:02:11Z,2016-01-04T22:09:06Z,
STORM-1413,2015-12-23T09:29:50Z,2016-01-05T15:11:05Z,
STORM-1417,2015-12-23T14:07:31Z,2016-01-05T18:33:42Z,
STORM-1418,2015-12-25T08:03:45Z,2016-01-11T18:56:03Z,
STORM-1419,2015-12-25T10:11:07Z,2016-01-13T17:23:39Z,
STORM-1422,2015-12-28T15:56:51Z,2016-01-05T18:08:32Z,
STORM-1423,2015-12-28T17:23:27Z,2016-01-11T15:40:41Z,0.10.1
STORM-1424,2015-12-29T01:30:04Z,2016-01-05T15:53:33Z,1.0.0
STORM-1425,2015-12-29T02:22:19Z,2016-01-11T17:07:32Z,
STORM-1426,2015-12-29T07:07:18Z,2016-01-05T19:43:10Z,1.0.0
STORM-1427,2015-12-30T09:26:07Z,2016-01-05T15:35:24Z,1.0.0
STORM-1432,2016-01-05T18:20:46Z,2016-01-11T17:03:13Z,
STORM-1445,2016-01-06T20:45:18Z,2016-01-14T00:02:04Z,
STORM-1449,2016-01-07T09:54:30Z,2016-01-11T16:51:29Z,
STORM-1452,2016-01-08T00:37:51Z,2016-01-20T22:17:30Z,1.0.0
STORM-1453,2016-01-08T08:56:50Z,2016-01-13T17:28:47Z,1.0.0
STORM-1455,2016-01-08T13:21:15Z,2016-02-05T05:55:48Z,1.0.0
STORM-1457,2016-01-08T19:02:37Z,2016-01-11T15:51:40Z,
STORM-1458,2016-01-08T21:24:24Z,2016-01-11T16:43:55Z,
STORM-1461,2016-01-09T17:50:18Z,2016-07-09T18:45:24Z,
STORM-1463,2016-01-12T04:57:06Z,2016-01-22T22:55:20Z,
STORM-1466,2016-01-12T17:20:02Z,2016-01-15T17:09:38Z,
STORM-1467,2016-01-12T17:57:29Z,2016-01-15T16:50:51Z,
STORM-1468,2016-01-13T01:31:06Z,2016-01-20T21:52:13Z,
STORM-1470,2016-01-13T17:24:27Z,2016-01-15T17:01:40Z,1.0.0;2.0.0
STORM-1472,2016-01-13T22:43:21Z,2016-01-20T17:16:24Z,1.0.0
STORM-1476,2016-01-15T05:36:37Z,2016-02-10T06:59:31Z,1.0.0
STORM-1478,2016-01-16T05:40:27Z,2016-01-19T11:14:51Z,
STORM-1481,2016-01-16T11:36:22Z,2016-01-20T20:14:18Z,
STORM-1482,2016-01-16T13:01:53Z,2016-01-20T22:32:28Z,
STORM-1484,2016-01-17T09:39:53Z,2016-01-20T17:29:15Z,
STORM-1485,2016-01-19T20:58:31Z,2016-01-22T22:41:01Z,
STORM-1486,2016-01-20T15:23:54Z,2016-01-22T22:12:11Z,
STORM-1488,2016-01-20T19:43:12Z,2016-02-26T02:35:17Z,1.0.0;2.0.0
STORM-1492,2016-01-22T20:07:14Z,2018-09-21T17:36:48Z,1.0.0
STORM-1493,2016-01-22T20:09:47Z,2016-02-25T22:53:43Z,
STORM-1495,2016-01-22T21:07:33Z,2016-01-25T23:28:47Z,1.0.0
STORM-1496,2016-01-22T21:22:34Z,2016-01-25T23:15:41Z,1.0.0
STORM-1499,2016-01-23T10:53:41Z,2016-01-24T23:29:50Z,
STORM-1503,2016-01-26T17:49:24Z,2016-01-27T21:06:15Z,0.10.0;0.10.1
STORM-1504,2016-01-27T02:41:32Z,2016-02-03T22:15:37Z,
STORM-1510,2016-01-29T20:59:50Z,2016-01-30T20:32:29Z,
STORM-1515,2016-02-02T00:47:17Z,2019-09-04T17:23:41Z,0.10.0;0.9.4
STORM-1516,2016-02-02T10:21:59Z,2016-02-22T16:28:56Z,2.0.0
STORM-1517,2016-02-02T11:05:04Z,2016-02-05T13:01:46Z,
STORM-1518,2016-02-02T21:02:06Z,2016-02-03T22:15:49Z,
STORM-1519,2016-02-02T22:48:57Z,2016-02-11T19:44:17Z,
STORM-1520,2016-02-03T02:48:58Z,2016-02-09T02:43:54Z,1.0.0
STORM-1521,2016-02-03T14:27:38Z,2016-02-10T20:03:34Z,0.10.0;0.9.5
STORM-1522,2016-02-03T15:39:54Z,2016-02-19T20:25:03Z,
STORM-1526,2016-02-04T22:09:54Z,2016-02-09T02:10:29Z,
STORM-1527,2016-02-05T09:56:41Z,2016-02-05T13:06:36Z,
STORM-1528,2016-02-05T20:36:04Z,2016-03-04T17:00:26Z,
STORM-1530,2016-02-08T09:25:27Z,2016-02-29T22:04:12Z,
STORM-1531,2016-02-08T17:08:32Z,2016-02-09T02:20:11Z,
STORM-1532,2016-02-09T12:19:17Z,2016-02-19T20:12:17Z,
STORM-1533,2016-02-09T13:23:05Z,2016-02-11T15:35:37Z,0.10.0
STORM-1534,2016-02-09T14:53:14Z,2016-02-11T15:35:59Z,1.0.0
STORM-1535,2016-02-09T16:03:51Z,2016-04-25T19:49:13Z,0.10.0;0.9.5
STORM-1538,2016-02-11T22:02:45Z,2016-02-12T17:27:41Z,
STORM-1540,2016-02-11T22:55:05Z,2016-02-25T23:36:18Z,1.0.0
STORM-1541,2016-02-12T00:33:58Z,2016-02-19T20:04:01Z,1.0.0;2.0.0
STORM-1542,2016-02-12T11:07:56Z,2016-02-26T01:01:22Z,1.0.0
STORM-1543,2016-02-12T16:47:38Z,2016-03-04T17:50:45Z,0.10.0;1.0.0;0.10.1;2.0.0
STORM-1544,2016-02-12T19:20Z,2016-04-21T18:47:49Z,1.0.0
STORM-1545,2016-02-12T20:19:12Z,2016-02-26T07:21:26Z,1.0.0
STORM-1552,2016-02-15T15:08:16Z,2016-02-26T01:36:22Z,1.0.0;2.0.0
STORM-1556,2016-02-17T06:11:20Z,2016-03-22T20:54:01Z,1.0.0;2.0.0
STORM-1558,2016-02-18T06:33:59Z,2016-02-23T08:45:16Z,2.0.0
STORM-1561,2016-02-18T23:22:47Z,2016-03-04T17:10:25Z,1.0.0;2.0.0
STORM-1564,2016-02-19T10:31:32Z,2016-02-24T17:58:26Z,
STORM-1566,2016-02-22T05:49:08Z,2016-02-23T08:46:41Z,2.0.0
STORM-1567,2016-02-22T09:33:39Z,2016-09-23T01:03:45Z,2.0.0
STORM-1572,2016-02-23T15:16:49Z,2016-02-24T16:44:53Z,
STORM-1575,2016-02-25T06:08:04Z,2016-06-09T20:45:59Z,1.0.0;2.0.0
STORM-1576,2016-02-25T16:25:48Z,2016-02-29T19:05:46Z,1.0.0;2.0.0
STORM-1578,2016-02-25T21:10:31Z,2016-02-25T22:05:14Z,2.0.0
STORM-1579,2016-02-26T02:49:33Z,2016-03-02T17:28:15Z,2.0.0
STORM-1581,2016-02-26T09:30:18Z,2016-04-01T03:19:08Z,1.0.0
STORM-1587,2016-02-29T16:54:28Z,2016-03-01T18:55:27Z,
STORM-1588,2016-02-29T22:41Z,2016-03-07T19:56:58Z,1.0.0
STORM-1592,2016-03-01T17:00:26Z,2016-03-02T18:33:36Z,2.0.0
STORM-1594,2016-03-02T06:47:12Z,2016-07-31T14:41:45Z,
STORM-1596,2016-03-02T23:42:56Z,2016-03-03T20:27:15Z,0.10.0;1.0.0;0.10.1;2.0.0
STORM-1601,2016-03-03T18:31:19Z,2016-03-04T15:48:09Z,1.0.0;2.0.0
STORM-1602,2016-03-04T00:23:15Z,2016-03-20T02:09:08Z,1.0.0
STORM-1603,2016-03-04T01:04:50Z,2016-03-09T04:04:22Z,0.10.0
STORM-1604,2016-03-05T00:08:50Z,2016-03-22T20:08:49Z,1.0.0
STORM-1606,2016-03-06T08:28:32Z,2016-03-07T19:11:05Z,
STORM-1608,2016-03-07T05:59:35Z,2016-03-14T19:33:16Z,1.0.0;2.0.0
STORM-1609,2016-03-07T20:20:28Z,2016-03-28T20:37:29Z,
STORM-1614,2016-03-09T14:35:19Z,2016-03-22T20:21:31Z,
STORM-1615,2016-03-09T17:15:06Z,2016-03-17T19:28:09Z,
STORM-1616,2016-03-09T22:05:45Z,2016-03-17T22:21:35Z,
STORM-1620,2016-03-11T13:12:34Z,2016-04-30T21:38:41Z,
STORM-1622,2016-03-14T13:12:45Z,2016-03-23T20:17Z,
STORM-1623,2016-03-14T13:26:33Z,2016-03-17T03:30:44Z,
STORM-1625,2016-03-14T14:22:23Z,2016-03-24T20:39:07Z,
STORM-1629,2016-03-15T13:50:07Z,2016-03-20T02:03:01Z,1.0.0;2.0.0
STORM-1631,2016-03-15T15:52:05Z,2016-03-22T19:46:10Z,
STORM-1632,2016-03-16T04:14:13Z,2016-04-01T16:48:29Z,
STORM-1636,2016-03-17T04:32:45Z,2016-03-22T19:11:49Z,1.0.0;2.0.0
STORM-1637,2016-03-17T13:45:11Z,2016-03-17T19:37:17Z,
STORM-1641,2016-03-21T05:13:28Z,2016-03-22T18:42:23Z,
STORM-1642,2016-03-21T07:34:06Z,2017-06-12T00:49:38Z,0.10.0
STORM-1645,2016-03-22T10:33:26Z,2016-04-26T16:46:37Z,0.10.0
STORM-1646,2016-03-22T14:15:19Z,2016-08-31T22:43:15Z,
STORM-1654,2016-03-24T02:30:04Z,2016-03-25T05:11:01Z,1.0.0;2.0.0
STORM-1655,2016-03-24T07:45Z,2016-03-25T09:10:15Z,1.0.0;2.0.0
STORM-1658,2016-03-27T04:43:13Z,2016-04-12T17:53:52Z,
STORM-1663,2016-03-29T06:07:27Z,2016-03-31T18:22:10Z,2.0.0
STORM-1665,2016-03-30T18:38:31Z,2016-03-31T18:22:27Z,
STORM-1666,2016-03-30T19:04:28Z,2016-03-31T18:22:48Z,2.0.0
STORM-1667,2016-03-30T20:31:27Z,2016-04-01T15:14:10Z,1.0.0
STORM-1668,2016-03-30T23:20:29Z,2016-04-01T03:16:46Z,1.0.0;2.0.0
STORM-1669,2016-03-31T03:03:31Z,2016-04-01T05:37:59Z,1.0.0;2.0.0
STORM-1670,2016-03-31T17:38:09Z,2016-04-04T21:04:17Z,1.0.0;2.0.0
STORM-1672,2016-03-31T19:24:18Z,2016-05-16T06:32:34Z,2.0.0
STORM-1673,2016-04-01T03:12:19Z,2016-04-01T17:03:27Z,1.0.0;2.0.0
STORM-1674,2016-04-01T03:35:08Z,2016-05-20T20:04:27Z,0.9.3;0.10.1;1.0.1
STORM-1676,2016-04-01T11:30:56Z,2016-05-16T06:51:08Z,2.0.0
STORM-1677,2016-04-02T05:59:27Z,2016-04-04T20:25:16Z,1.0.0;2.0.0
STORM-1681,2016-04-04T15:19:18Z,2016-04-19T17:01:49Z,1.0.0;2.0.0
STORM-1683,2016-04-04T18:18:30Z,2016-04-20T07:47:45Z,1.0.0;2.0.0
STORM-1687,2016-04-05T22:13:01Z,2016-04-11T20:36:56Z,1.0.0;2.0.0
STORM-1693,2016-04-07T13:33:36Z,2016-04-19T16:56:41Z,1.0.0
STORM-1694,2016-04-07T16:07:30Z,2017-01-05T04:14:03Z,
STORM-1696,2016-04-07T20:45:10Z,2016-04-19T16:55:04Z,1.0.0;2.0.0
STORM-1704,2016-04-11T04:55:13Z,2016-04-20T08:28:53Z,1.0.0;2.0.0
STORM-1706,2016-04-12T17:59:23Z,2016-04-19T16:53:07Z,1.0.0
STORM-1713,2016-04-15T08:28:11Z,2016-05-16T07:40:22Z,
STORM-1714,2016-04-15T11:28:13Z,2016-04-20T08:24:49Z,1.0.0;2.0.0
STORM-1725,2016-04-22T17:03:56Z,2016-04-22T17:32:44Z,1.0.0
STORM-1728,2016-04-23T19:20:13Z,2016-05-24T19:47:59Z,1.0.0
STORM-1729,2016-04-26T03:51:53Z,2016-04-27T18:33:39Z,1.0.0
STORM-1730,2016-04-26T10:20:30Z,2016-07-19T14:37:28Z,1.0.0
STORM-1731,2016-04-26T10:29:01Z,2016-04-27T18:31:54Z,1.0.0
STORM-1733,2016-04-26T19:16:18Z,2016-04-29T15:56:54Z,0.9.3;0.10.0;0.9.4;0.9.5;0.9.6
STORM-1735,2016-04-27T10:00:53Z,2016-05-16T10:15:47Z,1.0.0;2.0.0
STORM-1736,2016-04-27T22:26:13Z,2017-02-27T19:51:12Z,
STORM-1737,2016-04-28T00:13:51Z,2016-07-15T16:52:32Z,
STORM-1741,2016-04-28T16:38:16Z,2016-04-29T20:08:47Z,1.0.1
STORM-1749,2016-04-29T20:11:04Z,2016-06-01T06:27:03Z,
STORM-1750,2016-04-30T21:15:27Z,2016-05-16T08:47:58Z,0.10.0;1.0.0;2.0.0
STORM-1754,2016-05-01T12:30:11Z,2016-05-16T08:50:11Z,
STORM-1756,2016-05-02T12:50:36Z,2016-05-16T09:04:17Z,
STORM-1761,2016-05-03T23:18:44Z,2016-05-16T09:14:43Z,2.0.0;1.0.1
STORM-1764,2016-05-04T16:00:22Z,2016-05-16T09:28:35Z,
STORM-1771,2016-05-09T15:29:04Z,2016-06-09T20:06:12Z,
STORM-1772,2016-05-09T21:43:54Z,2017-03-08T22:55:54Z,
STORM-1773,2016-05-10T03:36:47Z,2016-05-17T06:44:25Z,1.0.0;2.0.0;1.0.1
STORM-1832,2016-05-13T06:47:57Z,2016-07-04T11:51:36Z,1.0.0;2.0.0;1.0.1
STORM-1834,2016-05-13T22:45:13Z,2016-07-08T09:44:26Z,1.0.1;0.10.2
STORM-1837,2016-05-15T17:11:49Z,2016-09-19T20:44:15Z,1.0.0;2.0.0;1.0.1
STORM-1841,2016-05-16T18:49:13Z,2016-06-13T06:54:58Z,2.0.0;1.0.1
STORM-1842,2016-05-17T01:03:16Z,2016-05-20T18:15:09Z,1.0.0;1.0.1
STORM-1844,2016-05-17T09:28:53Z,2016-07-08T09:12:33Z,2.0.0
STORM-1848,2016-05-18T11:11:39Z,2016-05-24T20:39:11Z,2.0.0;1.0.1
STORM-1849,2016-05-18T20:44:05Z,2016-09-13T07:07:52Z,1.0.0
STORM-1851,2016-05-19T15:30:24Z,2016-05-24T20:50:21Z,1.0.1
STORM-1853,2016-05-20T13:18:42Z,2016-06-01T07:05:23Z,1.0.0
STORM-1859,2016-05-23T08:24:22Z,2016-05-25T16:00:01Z,
STORM-1861,2016-05-23T19:18:29Z,2016-06-01T08:31:34Z,1.0.0
STORM-1862,2016-05-24T20:17:49Z,2016-05-24T20:24:23Z,1.0.0;1.0.1
STORM-1864,2016-05-25T05:11:47Z,2016-06-08T15:47:01Z,
STORM-1872,2016-05-30T16:11:42Z,2016-09-23T01:15:12Z,1.0.0;1.0.1;0.10.2
STORM-1878,2016-06-02T11:16:26Z,2016-06-07T06:40:53Z,1.0.1
STORM-1879,2016-06-02T11:20:02Z,2016-08-17T21:55:12Z,1.0.1
STORM-1881,2016-06-03T11:10:06Z,2016-08-30T09:07:34Z,1.0.1
STORM-1882,2016-06-05T06:37:07Z,2016-06-09T19:42:54Z,1.0.0;1.0.1
STORM-1884,2016-06-06T14:35:22Z,2016-06-09T20:57:04Z,
STORM-1887,2016-06-07T19:19:49Z,2016-06-08T15:28:53Z,1.0.1
STORM-1906,2016-06-15T19:35:05Z,2016-06-16T18:04:02Z,2.0.0;1.0.1
STORM-1907,2016-06-16T03:42:57Z,2016-06-24T08:58:06Z,1.1.0
STORM-1909,2016-06-16T20:34:44Z,2016-07-18T13:49:39Z,1.0.2
STORM-1911,2016-06-17T00:09:10Z,2016-06-22T14:49:47Z,2.0.0;1.1.0
STORM-1915,2016-06-18T19:37:56Z,2016-08-17T21:57:31Z,1.0.1
STORM-1920,2016-06-22T05:44:30Z,2016-06-22T13:44:16Z,2.0.0
STORM-1924,2016-06-22T20:19:38Z,2016-06-28T02:18:40Z,1.0.0
STORM-1925,2016-06-23T06:52:37Z,2016-06-24T08:46:09Z,2.0.0;1.1.0
STORM-1928,2016-06-23T14:49:08Z,2016-07-14T09:49:26Z,
STORM-1934,2016-06-29T02:49:07Z,2016-07-10T20:08:23Z,1.0.0;2.0.0;1.0.1
STORM-1937,2016-06-30T09:46:19Z,2016-07-03T06:49:42Z,1.0.0;1.0.1
STORM-1939,2016-06-30T20:03:30Z,2016-07-14T13:15:49Z,1.0.1
STORM-1941,2016-07-01T14:24:49Z,2016-07-05T08:40:35Z,1.0.0;1.0.1
STORM-1942,2016-07-01T19:37:54Z,2016-07-10T20:51:55Z,2.0.0
STORM-1945,2016-07-06T13:25:22Z,2016-07-08T06:59:21Z,2.0.0;1.1.0
STORM-1946,2016-07-06T15:05:21Z,2016-07-08T07:24:52Z,
STORM-1954,2016-07-08T19:08:12Z,2016-07-11T22:03:17Z,
STORM-1956,2016-07-08T22:31:15Z,2016-07-10T20:08:32Z,1.0.0;1.0.1
STORM-1959,2016-07-11T14:55:36Z,2016-07-14T14:36:48Z,2.0.0;1.1.0
STORM-1962,2016-07-11T19:04:10Z,2016-07-21T18:53:44Z,2.0.0
STORM-1964,2016-07-12T13:36:09Z,2016-07-21T17:29:45Z,1.0.1
STORM-1968,2016-07-14T04:56:58Z,2016-07-15T16:03:27Z,
STORM-1976,2016-07-17T07:03:11Z,2016-07-19T23:32:30Z,1.0.0;1.0.1
STORM-1977,2016-07-17T09:07:06Z,2016-07-19T23:31:55Z,1.0.0;1.0.1
STORM-1985,2016-07-20T04:08:19Z,2016-10-25T18:34:44Z,
STORM-1987,2016-07-20T05:04:35Z,2016-09-13T07:06:57Z,
STORM-1988,2016-07-20T10:07:35Z,2016-07-21T05:19:58Z,2.0.0;1.1.0
STORM-1995,2016-07-21T14:02:29Z,2016-07-31T14:17:52Z,0.10.0;1.0.0;2.0.0
STORM-1997,2016-07-21T15:33:01Z,2017-07-12T06:25:31Z,1.0.0
STORM-1999,2016-07-22T05:00:58Z,2016-08-12T03:31:20Z,1.0.0;1.1.0
STORM-2000,2016-07-22T06:53:52Z,2016-07-25T17:50:09Z,1.1.0
STORM-2017,2016-08-03T10:46:45Z,2016-09-28T15:28:32Z,1.0.1;1.0.3
STORM-2020,2016-08-04T15:30:10Z,2016-08-05T18:58:46Z,2.0.0
STORM-2021,2016-08-04T16:00:36Z,2016-08-05T18:57:42Z,2.0.0;1.1.0
STORM-2022,2016-08-04T16:13:40Z,2016-08-05T18:58:14Z,2.0.0
STORM-2023,2016-08-05T06:24:04Z,2016-08-12T04:09:08Z,1.0.0
STORM-2026,2016-08-08T08:25:25Z,2016-08-10T11:47:15Z,2.0.0
STORM-2028,2016-08-09T17:30:02Z,2017-08-09T04:45:28Z,2.0.0
STORM-2032,2016-08-10T15:22:12Z,2016-08-12T01:42:20Z,2.0.0
STORM-2036,2016-08-11T16:19:59Z,2016-08-11T16:43:54Z,
STORM-2037,2016-08-12T03:36:10Z,2016-08-14T14:02:23Z,2.0.0;1.x
STORM-2040,2016-08-16T16:09:32Z,2016-10-01T04:18Z,1.0.2;1.1.0
STORM-2042,2016-08-17T08:31:31Z,2016-08-19T05:48:41Z,
STORM-2045,2016-08-18T12:29:16Z,2016-08-22T12:06:51Z,2.0.0
STORM-2047,2016-08-18T20:10:16Z,2016-08-23T01:14:35Z,
STORM-2052,2016-08-23T21:35:54Z,2016-11-22T23:54:15Z,1.1.0;1.0.3;1.x
STORM-2054,2016-08-24T04:33Z,2016-09-06T03:39:02Z,1.1.0
STORM-2056,2016-08-25T18:23:19Z,2016-08-31T22:49:06Z,
STORM-2059,2016-08-26T14:39:51Z,2016-09-06T03:40:07Z,
STORM-2064,2016-08-29T12:58:50Z,2016-08-31T08:06:51Z,
STORM-2066,2016-08-29T17:13:52Z,2016-10-01T04:34:19Z,
STORM-2067,2016-08-29T23:55:02Z,2016-09-13T04:49:26Z,2.0.0
STORM-2070,2016-08-30T23:20:38Z,2016-09-01T06:40:23Z,2.0.0;1.0.2
STORM-2071,2016-08-30T23:26:56Z,2017-08-30T05:50:19Z,2.0.0;1.0.1
STORM-2074,2016-08-31T14:09:33Z,2016-09-06T05:06:18Z,
STORM-2076,2016-09-01T07:54:05Z,2016-11-03T21:19:44Z,1.0.2
STORM-2079,2016-09-01T19:54:21Z,2016-09-06T05:28:36Z,
STORM-2087,2016-09-11T02:45:03Z,2016-12-20T07:47Z,2.0.0;1.0.2
STORM-2088,2016-09-12T01:16:03Z,2016-09-23T01:30:33Z,2.0.0
STORM-2093,2016-09-13T15:58:53Z,2017-07-10T01:06:32Z,
STORM-2095,2016-09-14T16:00:30Z,2017-01-03T14:18:39Z,1.0.0;1.0.1;1.0.2;1.1.0;1.0.3
STORM-2098,2016-09-16T07:10:55Z,2016-09-19T09:42:19Z,
STORM-2100,2016-09-19T09:51:27Z,2016-09-21T03:50:55Z,1.x
STORM-2101,2016-09-19T14:49:15Z,2016-12-18T13:49:51Z,
STORM-2104,2016-09-20T14:46:49Z,2016-12-29T00:34:49Z,2.0.0;1.1.0
STORM-2109,2016-09-21T14:38:31Z,2016-09-25T12:27:46Z,2.0.0
STORM-2110,2016-09-21T15:55:13Z,2016-09-23T01:45:19Z,2.0.0
STORM-2115,2016-09-22T00:20:26Z,2016-10-17T04:41:09Z,
STORM-2117,2016-09-22T11:44:45Z,2016-10-27T16:08:34Z,
STORM-2118,2016-09-22T12:30:29Z,2016-09-25T12:22:36Z,2.0.0;1.x
STORM-2119,2016-09-22T18:36:03Z,2016-09-25T12:17:23Z,2.0.0;1.x
STORM-2120,2016-09-22T21:28:22Z,2016-09-23T01:52:08Z,1.0.0;2.0.0;1.0.1;1.0.2
STORM-2126,2016-09-27T18:20:40Z,2016-09-29T15:30:54Z,
STORM-2128,2016-09-27T21:45:45Z,2016-10-16T04:34:29Z,2.0.0
STORM-2131,2016-10-03T20:44:43Z,2016-10-11T22:19:16Z,
STORM-2142,2016-10-10T04:42:01Z,2016-10-18T04:27:01Z,2.0.0
STORM-2144,2016-10-10T09:25:20Z,2016-10-11T10:16:46Z,2.0.0;1.x
STORM-2158,2016-10-20T12:56:58Z,2016-10-25T21:28:14Z,2.0.0;1.0.3;0.10.3
STORM-2171,2016-10-21T17:39:11Z,2018-05-04T18:43:46Z,2.0.0
STORM-2174,2016-10-25T18:37:20Z,2016-11-30T18:13:55Z,
STORM-2175,2016-10-27T14:10:39Z,2016-11-03T00:22:34Z,2.0.0;1.1.0
STORM-2176,2016-10-28T19:59:51Z,2017-01-20T01:24:48Z,1.0.0;1.0.1;1.0.2
STORM-2184,2016-11-02T17:32:18Z,2016-11-07T14:19:52Z,
STORM-2185,2016-11-02T20:48:36Z,2016-11-07T14:08:11Z,
STORM-2189,2016-11-07T03:01:23Z,2016-11-09T00:39:04Z,
STORM-2190,2016-11-07T22:20:30Z,2016-12-20T08:57:54Z,0.10.0;1.0.0;2.0.0
STORM-2193,2016-11-08T17:02:28Z,2016-12-18T13:47:13Z,2.0.0
STORM-2194,2016-11-09T19:32:46Z,2017-03-08T21:55:56Z,2.0.0;1.0.2
STORM-2195,2016-11-09T20:21:59Z,2016-11-21T18:56:13Z,
STORM-2196,2016-11-10T02:02:24Z,2016-11-14T02:27:06Z,
STORM-2197,2016-11-10T03:57:30Z,2016-11-11T10:16:51Z,2.0.0;1.x
STORM-2198,2016-11-11T06:18:11Z,2016-11-16T14:28:40Z,1.0.0;0.9.6;1.0.1;1.0.2
STORM-2205,2016-11-17T06:21:46Z,2016-11-20T12:08:59Z,2.0.0;1.0.3;1.x
STORM-2208,2016-11-19T16:53:42Z,2016-11-24T15:38:06Z,1.0.2;1.1.0;1.x
STORM-2210,2016-11-21T17:45:04Z,2016-11-23T19:41:43Z,1.0.2
STORM-2213,2016-11-22T08:52:05Z,2016-11-24T15:21Z,
STORM-2222,2016-11-28T19:08:59Z,2016-12-22T20:42:02Z,1.x
STORM-2226,2016-11-30T04:53:21Z,2016-12-02T08:32:10Z,2.0.0;1.x
STORM-2228,2016-11-30T18:43:14Z,2017-02-01T23:01:21Z,1.0.0;2.0.0;1.0.1;1.0.2;1.1.0;1.0.3
STORM-2231,2016-12-02T12:51:45Z,2017-08-26T12:34:55Z,1.0.1;1.1.0
STORM-2234,2016-12-03T16:26:01Z,2016-12-06T23:24:07Z,1.x;0.10.3
STORM-2239,2016-12-09T22:26:35Z,2016-12-20T07:58:10Z,2.0.0;1.1.0
STORM-2240,2016-12-12T03:34Z,2017-07-17T07:52:50Z,2.0.0
STORM-2245,2016-12-15T10:02:12Z,2016-12-18T11:00:53Z,2.0.0
STORM-2246,2016-12-16T04:36:18Z,2016-12-18T11:44:11Z,
STORM-2251,2016-12-18T10:46:51Z,2016-12-22T15:07:45Z,
STORM-2256,2016-12-26T07:11:50Z,2016-12-27T08:47:58Z,
STORM-2257,2016-12-26T11:02:37Z,2016-12-28T22:56:50Z,
STORM-2264,2016-12-27T23:08:23Z,2017-01-09T00:48:06Z,2.0.0;1.1.0;1.0.3
STORM-2266,2016-12-29T07:14:01Z,2017-02-22T15:08:20Z,
STORM-2267,2017-01-03T03:51Z,2017-01-04T09:31:48Z,2.0.0;1.1.0
STORM-2268,2017-01-03T13:54:44Z,2017-01-12T14:41:48Z,
STORM-2270,2017-01-04T03:08:34Z,2017-02-08T20:53:52Z,1.0.0;0.9.6
STORM-2271,2017-01-04T11:43:40Z,2017-01-09T01:43:52Z,
STORM-2272,2017-01-04T20:36:05Z,2017-01-06T16:59:20Z,2.0.0
STORM-2274,2017-01-04T21:54:29Z,2017-01-09T02:51:01Z,1.x
STORM-2275,2017-01-04T23:21:06Z,2017-01-06T09:14:33Z,2.0.0
STORM-2276,2017-01-05T03:49:55Z,2017-01-06T08:57:48Z,2.0.0;1.1.0;1.0.3
STORM-2279,2017-01-05T20:59:11Z,2017-01-10T00:56:39Z,2.0.0
STORM-2281,2017-01-10T20:50:05Z,2017-02-08T02:15:03Z,1.0.0
STORM-2283,2017-01-11T06:43:38Z,2017-01-12T14:18:11Z,2.0.0;1.1.0
STORM-2293,2017-01-16T03:36:18Z,2017-01-18T09:41:39Z,2.0.0;1.0.2;1.1.0
STORM-2295,2017-01-16T13:56:32Z,2017-01-19T07:19:35Z,1.x
STORM-2303,2017-01-19T05:06:14Z,2017-01-23T06:20:38Z,2.0.0;1.1.0
STORM-2305,2017-01-19T09:09:17Z,2017-01-23T22:59:36Z,2.0.0
STORM-2315,2017-01-23T09:28:37Z,2017-04-14T07:14:21Z,1.x
STORM-2320,2017-01-24T02:24:58Z,2017-02-02T06:44:12Z,2.0.0
STORM-2321,2017-01-24T04:18:07Z,2017-02-03T00:21:56Z,1.0.0;2.0.0;1.0.1;1.0.2;1.1.0
STORM-2323,2017-01-25T03:58:25Z,2017-02-01T05:08:52Z,
STORM-2324,2017-01-25T04:15:30Z,2017-02-03T02:25:11Z,
STORM-2325,2017-01-25T08:00:55Z,2017-01-30T13:43:56Z,
STORM-2330,2017-01-27T06:38:54Z,2017-01-30T14:02Z,
STORM-2331,2017-01-28T11:06:53Z,2017-02-02T06:48:37Z,
STORM-2334,2017-01-31T21:21:14Z,2017-02-24T18:05:23Z,2.0.0;1.x
STORM-2335,2017-02-01T07:09:23Z,2017-02-02T14:54:26Z,
STORM-2336,2017-02-01T07:31:19Z,2017-02-02T15:38:18Z,
STORM-2337,2017-02-02T18:38:30Z,2017-02-04T02:30:29Z,1.0.0;1.0.1;1.0.2
STORM-2338,2017-02-03T08:09:27Z,2017-02-07T02:29:23Z,2.0.0;1.x;0.10.3
STORM-2343,2017-02-03T23:52:38Z,2017-05-21T09:55:29Z,2.0.0;1.1.0
STORM-2345,2017-02-05T16:58:55Z,2017-03-09T05:25:11Z,2.0.0;1.0.3;1.x
STORM-2346,2017-02-06T02:07:26Z,2017-03-08T12:59:27Z,
STORM-2350,2017-02-07T05:09:03Z,2017-02-08T21:32:59Z,1.0.0;2.0.0
STORM-2352,2017-02-09T00:54Z,2017-08-26T20:53:17Z,1.0.0;1.1.0
STORM-2357,2017-02-14T00:00:11Z,2017-10-02T16:10:35Z,
STORM-2360,2017-02-14T08:11:06Z,2017-02-24T18:35:22Z,1.0.3
STORM-2361,2017-02-14T15:36:22Z,2017-03-09T17:01:53Z,1.1.0
STORM-2371,2017-02-21T20:10:43Z,2017-05-04T00:35:11Z,
STORM-2372,2017-02-21T22:00:28Z,2017-02-24T18:17:01Z,2.0.0;1.x
STORM-2374,2017-02-22T16:52:45Z,2017-02-24T18:25:55Z,2.0.0;1.1.0
STORM-2385,2017-02-27T18:52:07Z,2017-03-06T12:41:15Z,1.0.4
STORM-2386,2017-02-28T02:59:12Z,2017-03-04T02:23:42Z,2.0.0;1.1.0;1.0.3
STORM-2387,2017-02-28T08:19:39Z,2017-03-09T06:05:58Z,
STORM-2388,2017-02-28T09:08:29Z,2017-03-22T09:19:08Z,1.1.0
STORM-2389,2017-03-01T17:01:50Z,2017-03-04T02:32:07Z,1.1.0
STORM-2391,2017-03-01T17:06:21Z,2017-03-04T02:59:13Z,1.1.0
STORM-2395,2017-03-03T23:05:25Z,2017-03-06T12:48:38Z,1.0.3
STORM-2396,2017-03-04T14:19:54Z,2017-03-09T04:56:51Z,
STORM-2400,2017-03-08T04:32:34Z,2017-03-09T05:23:57Z,
STORM-2403,2017-03-09T16:12:26Z,2017-03-13T08:15:26Z,2.0.0;1.1.0;1.0.4
STORM-2407,2017-03-10T23:40:50Z,2017-03-20T22:22:45Z,2.0.0;1.x
STORM-2408,2017-03-11T01:52:42Z,2017-03-13T08:42:13Z,
STORM-2409,2017-03-14T02:26:48Z,2017-03-22T03:27:23Z,2.0.0;1.x
STORM-2411,2017-03-14T05:37:10Z,2017-03-20T10:30:41Z,
STORM-2412,2017-03-14T07:13:14Z,2017-03-22T08:11:43Z,
STORM-2413,2017-03-14T21:11:35Z,2017-05-21T11:45:08Z,
STORM-2414,2017-03-15T01:35:31Z,2017-03-20T08:54:54Z,2.0.0;1.1.0;1.0.4
STORM-2420,2017-03-16T17:12:11Z,2017-03-16T17:30:25Z,
STORM-2422,2017-03-17T17:58:05Z,2017-03-20T09:37:41Z,
STORM-2423,2017-03-18T02:44:26Z,2017-03-21T05:15:23Z,2.0.0;1.x
STORM-2425,2017-03-20T09:04:45Z,2017-03-22T03:26:36Z,2.0.0;1.x
STORM-2426,2017-03-20T10:44:20Z,2017-10-12T19:48:50Z,1.0.2
STORM-2427,2017-03-21T05:44:15Z,2017-03-22T06:06:03Z,2.0.0
STORM-2429,2017-03-21T23:06:35Z,2017-04-05T00:40:44Z,1.0.3
STORM-2431,2017-03-22T09:11:49Z,2017-04-05T02:00:42Z,
STORM-2432,2017-03-23T15:16:35Z,2017-03-26T17:16:30Z,1.x
STORM-2435,2017-03-27T19:43Z,2017-04-13T02:14:31Z,
STORM-2440,2017-03-30T16:22:57Z,2017-04-04T13:35:49Z,0.10.1;1.0.1;1.0.2;1.1.0
STORM-2443,2017-03-31T08:09:04Z,2017-08-31T08:45:21Z,2.0.0
STORM-2445,2017-03-31T08:45:44Z,2017-09-07T22:01:43Z,2.0.0
STORM-2449,2017-04-01T03:54:53Z,2017-06-20T12:10:12Z,2.0.0;1.1.0
STORM-2450,2017-04-01T15:22:06Z,2017-04-03T17:59:17Z,2.0.0;1.1.0;1.0.3
STORM-2451,2017-04-02T13:01:28Z,2017-04-04T13:14:56Z,1.1.0
STORM-2454,2017-04-05T09:01:34Z,2017-04-07T05:54:42Z,
STORM-2457,2017-04-06T05:19:12Z,2017-04-07T05:51:22Z,
STORM-2463,2017-04-11T10:47:09Z,2017-04-12T15:05:20Z,
STORM-2467,2017-04-11T15:01:24Z,2017-04-14T06:03:33Z,1.1.0
STORM-2469,2017-04-12T06:06:47Z,2017-04-13T05:56:56Z,
STORM-2474,2017-04-13T09:50:49Z,2017-04-14T06:09:30Z,
STORM-2475,2017-04-14T00:31:48Z,2017-04-15T20:30:38Z,1.0.0;2.0.0
STORM-2476,2017-04-14T02:16:01Z,2017-04-14T09:05:04Z,
STORM-2478,2017-04-16T15:58:38Z,2017-07-07T04:54:47Z,
STORM-2479,2017-04-16T20:54:02Z,2017-05-08T08:13:17Z,
STORM-2480,2017-04-17T07:40:58Z,2017-04-19T01:52:28Z,
STORM-2483,2017-04-18T09:48:49Z,2020-03-19T14:07:21Z,2.0.0;1.0.3;1.2.3;2.1.0
STORM-2486,2017-04-21T00:48:51Z,2017-04-28T02:23:30Z,
STORM-2488,2017-04-24T02:02:33Z,2017-07-03T15:44:46Z,2.0.0
STORM-2489,2017-04-24T03:19:48Z,2017-05-30T10:20:43Z,1.0.2
STORM-2494,2017-04-27T13:44:28Z,2017-09-13T19:09:02Z,1.1.0
STORM-2496,2017-04-28T08:17:47Z,2017-05-17T06:21:45Z,2.0.0;1.1.0
STORM-2498,2017-05-03T07:50:07Z,2017-05-08T07:52:50Z,1.x
STORM-2500,2017-05-04T09:20:43Z,2017-08-19T03:18:56Z,1.1.0
STORM-2503,2017-05-04T19:42:15Z,2017-06-02T15:38:35Z,
STORM-2505,2017-05-08T05:10:06Z,2017-06-01T04:15:39Z,1.x
STORM-2511,2017-05-13T04:37:25Z,2017-05-15T18:17:25Z,2.0.0;1.x
STORM-2516,2017-05-16T19:05:05Z,2017-05-30T10:27:08Z,2.0.0
STORM-2517,2017-05-16T21:40:12Z,2017-08-28T22:13:23Z,1.1.0
STORM-2518,2017-05-17T06:26:37Z,2017-05-20T08:04:22Z,2.0.0;1.1.1
STORM-2520,2017-05-17T14:45:07Z,2017-05-18T08:13:34Z,2.0.0;1.2.0
STORM-2521,2017-05-18T11:47:11Z,2017-08-30T03:16:27Z,2.0.0;1.2.0
STORM-2522,2017-05-18T21:00:08Z,2017-08-30T03:06:39Z,2.0.0
STORM-2525,2017-05-20T17:25:06Z,2017-06-09T19:10:23Z,2.0.0
STORM-2526,2017-05-22T14:42:30Z,2017-05-23T15:38:13Z,
STORM-2532,2017-05-25T07:47:22Z,2017-06-02T17:17:14Z,2.0.0
STORM-2533,2017-05-25T17:35:57Z,2017-09-08T13:55:57Z,2.0.0
STORM-2534,2017-05-25T17:41:46Z,2017-09-19T23:04:06Z,2.0.0
STORM-2535,2017-05-25T20:25:46Z,2017-06-02T16:34:40Z,
STORM-2536,2017-05-29T09:38:30Z,2017-05-31T00:06:15Z,2.0.0;1.2.0
STORM-2541,2017-06-05T09:58:51Z,2017-07-18T21:25:44Z,2.0.0;1.1.0;1.1.1
STORM-2544,2017-06-07T13:00:45Z,2017-07-18T09:13:51Z,1.1.0
STORM-2546,2017-06-08T07:48:28Z,2017-11-16T06:12:05Z,2.0.0;1.1.0
STORM-2549,2017-06-10T17:37:08Z,2017-11-11T17:54:43Z,2.0.0;1.1.0
STORM-2552,2017-06-14T12:04:40Z,2017-06-21T23:13:35Z,
STORM-2555,2017-06-15T00:55:31Z,2017-06-24T04:34:18Z,
STORM-2557,2017-06-17T03:40:51Z,2017-06-20T12:24:09Z,
STORM-2558,2017-06-17T16:39:09Z,2017-06-30T08:06:02Z,
STORM-2559,2017-06-19T02:41:05Z,2017-06-29T04:44:52Z,
STORM-2562,2017-06-20T18:57:30Z,2017-06-22T01:46:09Z,
STORM-2563,2017-06-21T04:28:47Z,2017-06-22T06:46:11Z,
STORM-2564,2017-06-21T05:23:31Z,2017-06-29T07:03:56Z,
STORM-2568,2017-06-23T05:14:07Z,2017-06-25T14:32:36Z,1.1.0
STORM-2597,2017-06-23T18:41:36Z,2017-06-29T18:26:32Z,
STORM-2599,2017-06-24T14:43:27Z,2017-06-29T05:34:43Z,2.0.0;1.2.0
STORM-2602,2017-06-26T11:48:31Z,2017-07-06T03:36:11Z,
STORM-2607,2017-06-29T14:29:39Z,2017-10-17T05:28:56Z,2.0.0;1.1.1
STORM-2608,2017-06-29T20:52:47Z,2017-07-10T23:10:31Z,0.10.0;1.0.4;1.1.1
STORM-2613,2017-07-03T13:19:32Z,2017-08-03T04:30:44Z,
STORM-2621,2017-07-10T17:25:34Z,2017-07-21T17:15:52Z,2.0.0;1.1.1;1.2.0
STORM-2627,2017-07-13T07:54:24Z,2017-07-21T15:34:19Z,
STORM-2628,2017-07-14T11:12:08Z,2017-09-09T18:56:01Z,
STORM-2629,2017-07-14T18:36:08Z,2018-01-09T00:12:54Z,
STORM-2635,2017-07-17T08:02:57Z,2017-09-07T18:42:52Z,2.0.0
STORM-2638,2017-07-17T19:38:15Z,2017-07-20T14:15:12Z,
STORM-2639,2017-07-18T03:39:13Z,2017-07-18T09:31:47Z,1.1.0
STORM-2641,2017-07-19T13:05:57Z,2017-07-20T21:30:48Z,2.0.0
STORM-2642,2017-07-19T13:24:51Z,2017-07-20T21:24:12Z,2.0.0;1.1.0
STORM-2645,2017-07-19T21:02:28Z,2017-07-21T20:41:46Z,1.1.0
STORM-2652,2017-07-21T17:15:13Z,2017-07-23T19:38Z,2.0.0;1.1.0
STORM-2655,2017-07-24T20:14:14Z,2017-07-31T02:42:34Z,
STORM-2659,2017-07-25T20:00:22Z,2017-07-26T19:49:58Z,1.1.0
STORM-2660,2017-07-26T09:24:08Z,2017-09-04T00:36:54Z,2.0.0;1.1.0;1.0.4
STORM-2666,2017-08-01T03:32:19Z,2017-10-09T23:16:23Z,1.0.0;2.0.0;1.1.0;1.1.1;1.2.0
STORM-2674,2017-08-02T16:30:12Z,2017-08-09T12:10:30Z,
STORM-2675,2017-08-02T18:09:27Z,2017-09-13T08:04:05Z,1.1.0
STORM-2676,2017-08-03T01:14:02Z,2017-08-04T19:01:06Z,
STORM-2677,2017-08-03T04:17:46Z,2017-08-05T03:11:36Z,1.x
STORM-2678,2017-08-04T04:19:13Z,2017-09-07T18:09:57Z,
STORM-2682,2017-08-07T15:20:27Z,2017-08-19T02:25:16Z,1.0.4;1.1.1
STORM-2690,2017-08-08T18:01:57Z,2017-12-26T00:50:11Z,2.0.0;1.1.0;1.0.3;1.0.4;1.1.1;1.1.2;1.0.5
STORM-2691,2017-08-08T22:54:22Z,2018-03-01T10:46Z,2.0.0;1.1.1
STORM-2692,2017-08-11T05:13:14Z,2017-08-19T02:30:09Z,1.x
STORM-2695,2017-08-18T14:19:23Z,2017-08-20T06:54:03Z,
STORM-2700,2017-08-21T14:09:50Z,2017-08-23T20:47:55Z,
STORM-2701,2017-08-21T14:23:10Z,2017-08-25T06:03:15Z,
STORM-2705,2017-08-23T13:59:58Z,2017-08-25T05:55:24Z,
STORM-2706,2017-08-25T10:54:30Z,2017-10-25T21:38:14Z,1.1.1
STORM-2716,2017-08-31T14:08:39Z,2017-10-09T01:18:07Z,2.0.0
STORM-2722,2017-09-06T14:44:56Z,2017-09-19T19:40:08Z,2.0.0;1.1.1
STORM-2724,2017-09-07T14:34:50Z,2017-09-08T23:08:21Z,2.0.0;1.0.4;1.1.1
STORM-2729,2017-09-07T17:14:14Z,2017-09-11T15:02:28Z,
STORM-2732,2017-09-08T14:22:59Z,2017-09-11T15:42:53Z,
STORM-2733,2017-09-08T16:32:12Z,2017-09-14T15:32:57Z,1.0.0;2.0.0
STORM-2734,2017-09-09T17:46:56Z,2017-09-11T14:30:41Z,2.0.0
STORM-2736,2017-09-11T12:09:20Z,2017-09-13T15:33:46Z,1.1.1
STORM-2738,2017-09-13T16:15:29Z,2017-09-19T20:43:49Z,
STORM-2742,2017-09-18T20:05:14Z,2017-09-19T20:18:30Z,
STORM-2748,2017-09-20T14:22:28Z,2017-09-21T18:00:49Z,2.0.0
STORM-2750,2017-09-21T02:44:20Z,2017-09-22T14:46:18Z,2.0.0
STORM-2751,2017-09-21T15:08:08Z,2017-09-22T15:31:35Z,
STORM-2756,2017-09-24T13:36:52Z,2017-10-02T06:39:37Z,1.2.0
STORM-2757,2017-09-25T15:02:31Z,2017-09-28T07:25:15Z,
STORM-2758,2017-09-26T17:25:13Z,2017-09-28T07:24:39Z,
STORM-2762,2017-09-27T00:34Z,2018-03-06T21:41:46Z,2.0.0
STORM-2764,2017-09-28T14:20:02Z,2017-10-02T06:02:43Z,1.0.0;2.0.0
STORM-2765,2017-09-28T21:27:49Z,2017-10-02T14:50:55Z,
STORM-2769,2017-10-03T18:52:09Z,2017-10-04T19:28:25Z,
STORM-2771,2017-10-09T21:37:05Z,2017-10-13T16:15:36Z,2.0.0
STORM-2772,2017-10-10T02:29:51Z,2017-10-16T14:59:58Z,2.0.0
STORM-2777,2017-10-14T03:34:56Z,2017-10-17T15:59:54Z,
STORM-2779,2017-10-17T03:28:27Z,2017-10-18T05:02:42Z,2.0.0;1.2.0;1.1.2
STORM-2784,2017-10-23T04:22:27Z,2017-10-27T06:30:36Z,2.0.0;1.2.0
STORM-2786,2017-10-23T12:21:59Z,2017-10-25T22:05:49Z,0.9.1-incubating;0.10.0;1.0.0;2.0.0
STORM-2787,2017-10-25T06:36:22Z,2017-10-30T01:15:30Z,2.0.0;1.2.0
STORM-2794,2017-10-31T21:00:38Z,2017-11-08T00:22:23Z,
STORM-2795,2017-11-01T14:10:47Z,2017-11-03T20:45:12Z,2.0.0
STORM-2803,2017-11-06T15:17:45Z,2017-11-08T20:41:46Z,2.0.0
STORM-2804,2017-11-08T20:08:05Z,2017-11-09T21:04:59Z,
STORM-2808,2017-11-10T22:06:19Z,2017-11-12T22:21:04Z,
STORM-2809,2017-11-11T11:59:26Z,2017-11-14T21:54:24Z,2.0.0
STORM-2810,2017-11-11T20:16:34Z,2017-11-14T07:01:47Z,2.0.0;1.1.2
STORM-2811,2017-11-12T08:37:10Z,2017-11-13T23:28:24Z,2.0.0;1.1.0
STORM-2814,2017-11-14T18:28:23Z,2017-11-15T23:30:57Z,
STORM-2815,2017-11-14T20:51:24Z,2017-11-16T15:36:40Z,
STORM-2820,2017-11-15T20:12:05Z,2017-11-16T23:00:11Z,
STORM-2825,2017-11-19T09:20:19Z,2017-11-21T19:07:30Z,1.2.0
STORM-2826,2017-11-19T15:41:50Z,2017-12-16T00:03:19Z,1.2.0
STORM-2827,2017-11-20T22:27:14Z,2017-11-29T17:45:43Z,2.0.0
STORM-2829,2017-11-21T21:40:39Z,2017-11-24T15:40:32Z,2.0.0
STORM-2833,2017-11-27T16:50:38Z,2017-11-28T22:57:31Z,1.0.0;2.0.0
STORM-2834,2017-11-28T19:05:32Z,2017-12-05T07:29:58Z,
STORM-2835,2017-11-29T02:14:02Z,2017-12-07T22:49:30Z,2.0.0;1.2.0
STORM-2843,2017-12-05T08:57:28Z,2017-12-26T01:18:16Z,2.0.0;1.x
STORM-2844,2017-12-05T22:23:18Z,2017-12-26T10:51:47Z,2.0.0;1.2.0
STORM-2845,2017-12-06T07:13:25Z,2017-12-15T09:56:27Z,2.0.0
STORM-2847,2017-12-07T16:51:01Z,2017-12-21T17:29:04Z,2.0.0;1.2.0
STORM-2850,2017-12-08T08:23:17Z,2017-12-11T23:10:35Z,2.0.0;1.2.0
STORM-2851,2017-12-10T14:23:42Z,2017-12-16T08:38:02Z,2.0.0;1.2.0
STORM-2853,2017-12-13T12:17:35Z,2018-02-02T04:21:03Z,1.1.0
STORM-2855,2017-12-14T16:29:49Z,2017-12-15T09:46:46Z,
STORM-2856,2017-12-14T16:35:40Z,2018-01-02T21:48:04Z,
STORM-2859,2017-12-15T22:31:20Z,2018-01-08T21:21:37Z,2.0.0
STORM-2863,2017-12-21T14:33:49Z,2017-12-26T04:25:59Z,2.0.0
STORM-2868,2017-12-26T13:07:01Z,2017-12-26T21:01:33Z,1.1.0;1.1.1;1.1.2
STORM-2869,2017-12-26T22:16:32Z,2017-12-29T02:19:33Z,2.0.0;1.2.0
STORM-2870,2017-12-27T02:09:59Z,2017-12-28T04:28:52Z,2.0.0;1.2.0;1.1.2;1.0.6
STORM-2873,2017-12-29T18:44:56Z,2018-02-01T14:37:21Z,
STORM-2876,2018-01-02T18:03:14Z,2018-01-05T15:27:13Z,2.0.0
STORM-2879,2018-01-03T07:07:49Z,2018-01-08T00:39:32Z,2.0.0;1.x
STORM-2881,2018-01-03T20:29:35Z,2018-01-05T15:51:35Z,
STORM-2885,2018-01-08T18:35:31Z,2018-01-10T18:38:50Z,2.0.0
STORM-2892,2018-01-10T06:08:15Z,2018-01-12T20:01:56Z,2.0.0;1.1.1;1.2.0;1.0.5
STORM-2893,2018-01-10T07:11:08Z,2018-01-12T19:45:08Z,2.0.0
STORM-2894,2018-01-10T07:45:24Z,2018-01-15T19:32:56Z,2.0.0;1.1.1;1.2.0;1.0.5
STORM-2900,2018-01-18T03:40:16Z,2018-01-18T21:32:45Z,2.0.0;1.x
STORM-2903,2018-01-19T17:10:01Z,2018-01-21T23:43Z,2.0.0;1.x
STORM-2906,2018-01-23T04:27:06Z,2018-02-01T14:20:25Z,
STORM-2907,2018-01-23T22:09:18Z,2018-02-01T15:05:42Z,1.2.0
STORM-2910,2018-01-24T17:09:24Z,2018-02-01T20:55:15Z,2.0.0
STORM-2911,2018-01-24T18:27:42Z,2018-02-26T19:35:11Z,2.0.0;1.1.1;1.2.0;1.0.5
STORM-2912,2018-01-25T06:10:17Z,2018-01-26T18:28:11Z,2.0.0;1.2.0;1.1.2;1.0.6
STORM-2913,2018-01-27T00:31:27Z,2018-02-06T04:51:08Z,2.0.0;1.2.0
STORM-2918,2018-01-31T20:03:46Z,2018-02-02T04:40:11Z,2.0.0;1.1.1;1.2.0;1.0.5
STORM-2927,2018-02-01T13:28:33Z,2018-02-02T10:16:17Z,1.1.1
STORM-2932,2018-02-02T17:15:22Z,2018-02-14T03:26:24Z,
STORM-2934,2018-02-05T16:41:49Z,2018-02-07T20:26:49Z,2.0.0
STORM-2940,2018-02-07T18:56:59Z,2018-02-10T00:24:31Z,
STORM-2941,2018-02-07T20:27:26Z,2018-02-08T21:03:48Z,2.0.0
STORM-2942,2018-02-07T20:28:51Z,2018-02-07T21:51:07Z,1.1.0;1.1.1
STORM-2949,2018-02-14T17:38:15Z,2019-06-01T18:20:12Z,1.1.1;1.0.5
STORM-2950,2018-02-14T21:01:27Z,2018-02-18T00:06:28Z,
STORM-2951,2018-02-16T17:48:52Z,2018-02-16T19:50:01Z,1.2.0
STORM-2955,2018-02-16T23:03:07Z,2018-02-18T21:14:49Z,
STORM-2956,2018-02-16T23:07Z,2019-07-18T20:40:32Z,
STORM-2957,2018-02-17T16:19:38Z,2018-02-20T21:00:52Z,1.0.5
STORM-2965,2018-02-20T14:33:39Z,2018-02-26T02:39:13Z,2.0.0
STORM-2967,2018-02-20T19:33:31Z,2018-02-26T17:45:21Z,
STORM-2968,2018-02-20T20:14:24Z,2018-03-01T04:42:23Z,
STORM-2969,2018-02-21T21:06:43Z,2018-02-24T11:15:57Z,
STORM-2976,2018-02-26T19:18:48Z,2018-03-01T05:54:11Z,
STORM-2978,2018-02-26T23:12:27Z,2018-03-01T05:22:07Z,2.0.0;1.1.2;1.2.1
STORM-2979,2018-02-27T12:28:21Z,2018-04-11T12:51:21Z,1.0.6
STORM-2980,2018-02-27T14:04:30Z,2018-03-01T04:49:37Z,2.0.0
STORM-2981,2018-02-27T14:31:14Z,2018-03-01T04:46:20Z,2.0.0;1.1.2;1.2.1
STORM-2983,2018-02-28T14:46:47Z,2018-04-05T13:12:07Z,
STORM-2985,2018-03-02T20:20:19Z,2018-05-01T21:00:56Z,1.1.2;1.0.6;1.2.1
STORM-2986,2018-03-05T21:41:24Z,2018-03-07T15:06:59Z,
STORM-2987,2018-03-06T21:32:45Z,2018-03-20T19:40:25Z,2.0.0
STORM-2988,2018-03-07T14:55:22Z,2018-05-14T04:39:53Z,2.0.0;1.2.1
STORM-2989,2018-03-07T15:00:57Z,2018-03-20T19:57:45Z,2.0.0;1.1.2;1.2.1
STORM-2993,2018-03-12T19:04:16Z,2018-03-30T15:10:11Z,
STORM-2994,2018-03-13T14:31:45Z,2018-04-03T20:53:01Z,2.0.0;1.1.2;1.0.6;1.2.1
STORM-3002,2018-03-21T03:05:52Z,2018-03-21T03:17:38Z,2.0.0
STORM-3009,2018-03-25T18:09:37Z,2018-03-30T16:08:50Z,2.0.0
STORM-3012,2018-03-27T15:30:32Z,2018-03-30T15:42:41Z,
STORM-3013,2018-03-28T04:47:28Z,2018-07-09T03:36:15Z,2.0.0;1.2.1
STORM-3018,2018-04-01T03:09:09Z,2018-04-02T13:31:06Z,2.0.0
STORM-3020,2018-04-03T15:42:50Z,2018-04-10T09:09:41Z,2.0.0
STORM-3021,2018-04-09T14:31:01Z,2018-04-30T03:24:42Z,
STORM-3023,2018-04-10T13:40:07Z,2018-04-13T17:32:48Z,
STORM-3028,2018-04-12T11:35:36Z,2018-07-09T21:32:59Z,1.2.1
STORM-3035,2018-04-19T17:34:48Z,2018-05-14T02:09:21Z,
STORM-3042,2018-04-26T15:47:37Z,2018-05-22T10:41:14Z,
STORM-3043,2018-04-26T17:38:32Z,2018-04-27T20:07:56Z,2.0.0;1.1.2;1.0.6;1.2.1
STORM-3046,2018-04-27T07:32:30Z,2018-07-09T09:01:03Z,1.2.1
STORM-3047,2018-04-28T12:30:31Z,2018-07-09T08:07:32Z,1.1.2;1.2.1
STORM-3048,2018-04-30T11:43:51Z,2018-06-03T06:50:02Z,
STORM-3050,2018-04-30T11:57:54Z,2021-10-23T03:16:52Z,
STORM-3052,2018-04-30T15:04:14Z,2018-04-30T15:34Z,1.0.0
STORM-3053,2018-04-30T19:41:14Z,2018-06-01T15:19:02Z,2.0.0
STORM-3055,2018-05-02T03:28:45Z,2018-05-31T19:10:44Z,2.0.0;1.1.1
STORM-3056,2018-05-03T19:58:18Z,2018-07-10T04:03:44Z,1.1.2;1.2.1
STORM-3059,2018-05-06T07:46:11Z,2018-05-07T13:10:23Z,2.0.0;1.1.3;1.0.7;1.2.2
STORM-3063,2018-05-08T22:06:43Z,2018-05-10T11:38:05Z,2.0.0
STORM-3065,2018-05-09T19:10:34Z,2018-05-13T19:35:37Z,2.0.0
STORM-3068,2018-05-10T19:56:29Z,2018-05-22T12:38:14Z,1.1.0
STORM-3070,2018-05-11T17:49:44Z,2018-05-21T14:04:15Z,2.0.0
STORM-3072,2018-05-14T14:39:02Z,2018-05-15T15:25:21Z,2.0.0
STORM-3073,2018-05-15T11:12:21Z,2018-05-21T14:28:31Z,2.0.0
STORM-3075,2018-05-15T19:58:11Z,2018-05-17T15:41:35Z,2.0.0
STORM-3079,2018-05-17T19:29:10Z,2018-05-22T09:20:47Z,2.0.0
STORM-3082,2018-05-23T16:48:08Z,2018-07-09T21:51:16Z,2.0.0;1.2.1;1.1.3
STORM-3084,2018-05-24T20:45:32Z,2018-06-01T15:36:27Z,2.0.0
STORM-3087,2018-05-28T20:43:19Z,2018-06-03T07:33:06Z,2.0.0;1.2.1
STORM-3090,2018-05-30T16:43:29Z,2018-07-09T21:17:39Z,1.1.0;1.0.4;1.2.2
STORM-3091,2018-06-01T16:21Z,2018-06-05T16:20:33Z,2.0.0
STORM-3092,2018-06-01T18:33:13Z,2018-06-05T17:03:54Z,2.0.0
STORM-3095,2018-06-05T16:21:19Z,2019-06-01T18:21:06Z,
STORM-3096,2018-06-05T18:39:44Z,2018-06-08T14:50:21Z,
STORM-3097,2018-06-06T20:05:43Z,2018-06-09T11:57:22Z,2.0.0;1.1.2;1.2.1
STORM-3098,2018-06-07T14:02:38Z,2018-06-08T14:02:30Z,2.0.0
STORM-3102,2018-06-13T17:00:19Z,2018-06-16T18:06:41Z,2.0.0;1.0.6;1.1.3;1.2.2
STORM-3103,2018-06-13T18:23:11Z,2018-06-17T16:03:41Z,2.0.0
STORM-3109,2018-06-15T21:16:22Z,2018-06-17T16:19:58Z,2.0.0;1.1.0;1.0.3;1.x;1.0.4;1.1.1;1.2.0;1.1.2;1.0.5;1.0.6;1.2.1;1.1.3;1.2.2
STORM-3110,2018-06-15T23:29:01Z,2018-06-25T00:55:12Z,
STORM-3116,2018-06-19T18:16:15Z,2018-06-21T03:59:46Z,2.0.0
STORM-3117,2018-06-20T21:37:56Z,2018-06-25T18:56:11Z,2.0.0
STORM-3118,2018-06-21T13:46:08Z,2018-06-22T18:19:38Z,2.0.0
STORM-3120,2018-06-24T10:39:26Z,2018-06-27T17:36:18Z,2.0.0
STORM-3121,2018-06-24T10:44:30Z,2018-06-26T08:00:30Z,2.0.0
STORM-3122,2018-06-24T21:48:45Z,2018-06-26T07:47:39Z,1.x
STORM-3123,2018-06-26T03:20:33Z,2018-11-16T00:00:48Z,1.2.2
STORM-3124,2018-06-27T13:28:01Z,2018-06-28T20:31:51Z,2.0.0
STORM-3126,2018-06-27T17:43:39Z,2018-07-09T21:14:04Z,2.0.0
STORM-3127,2018-06-27T17:55:07Z,2018-07-09T21:14:14Z,2.0.0
STORM-3129,2018-06-27T19:05:52Z,2018-06-28T20:55:16Z,2.0.0
STORM-3132,2018-06-29T05:50:07Z,2023-12-04T11:15:21Z,
STORM-3135,2018-06-29T20:41:20Z,2018-07-10T22:49:16Z,2.0.0
STORM-3136,2018-06-29T22:51:31Z,2018-07-10T03:54:43Z,2.0.0
STORM-3137,2018-06-29T23:10:10Z,2018-07-10T23:01:22Z,2.0.0
STORM-3141,2018-07-02T18:37:45Z,2018-07-12T13:55:03Z,2.0.0
STORM-3143,2018-07-05T18:43:04Z,2018-07-10T03:51:51Z,2.0.0
STORM-3148,2018-07-12T20:04:34Z,2018-07-13T23:04:02Z,2.0.0
STORM-3158,2018-07-20T20:54:41Z,2018-07-29T13:19:33Z,2.0.0
STORM-3159,2018-07-24T19:10:27Z,2018-07-24T19:53:17Z,2.0.0
STORM-3161,2018-07-27T07:57:45Z,2018-07-29T07:29:24Z,2.0.0;1.2.3
STORM-3162,2018-07-27T15:49:53Z,2018-09-17T20:31:40Z,2.0.0
STORM-3164,2018-07-29T01:32:07Z,2018-07-30T21:18:14Z,1.2.2
STORM-3166,2018-08-01T13:08:57Z,2018-08-03T15:42:07Z,2.0.0
STORM-3167,2018-08-01T14:31:40Z,2018-08-03T15:42:19Z,2.0.0
STORM-3168,2018-08-01T19:31:42Z,2018-08-03T15:23:14Z,2.0.0
STORM-3169,2018-08-01T20:47:29Z,2018-08-03T15:42:46Z,2.0.0
STORM-3170,2018-08-01T21:06:46Z,2018-08-03T16:13:17Z,2.0.0
STORM-3176,2018-08-03T09:18:43Z,2018-08-03T13:20:28Z,1.1.2
STORM-3179,2018-08-06T05:30:45Z,2018-08-10T10:31:16Z,2.0.0
STORM-3180,2018-08-06T05:39:09Z,2018-08-10T10:31:39Z,2.0.0
STORM-3181,2018-08-06T07:00:21Z,2018-08-10T10:33:44Z,2.0.0
STORM-3182,2018-08-06T07:36:11Z,2018-08-10T10:33:58Z,2.0.0
STORM-3183,2018-08-06T07:47:20Z,2018-08-11T11:57:59Z,2.0.0
STORM-3184,2018-08-07T01:27:35Z,2018-08-14T14:29:51Z,1.1.1
STORM-3194,2018-08-14T18:04:40Z,2018-08-16T16:56:57Z,2.0.0
STORM-3200,2018-08-21T19:24:42Z,2018-08-23T13:44:40Z,
STORM-3201,2018-08-22T16:08:25Z,2018-08-23T16:55:55Z,
STORM-3203,2018-08-23T15:48:41Z,2018-09-04T21:09:41Z,2.0.0
STORM-3206,2018-08-28T16:09:20Z,2018-09-12T21:51Z,
STORM-3207,2018-08-28T16:37:43Z,2018-08-30T16:21:25Z,
STORM-3208,2018-08-29T17:37:17Z,2018-09-04T20:47:17Z,2.0.0
STORM-3210,2018-09-04T14:10:01Z,2018-09-06T17:20:32Z,
STORM-3213,2018-09-05T16:16:45Z,2018-09-07T14:48:34Z,
STORM-3215,2018-09-06T15:15:52Z,2018-09-07T21:32:25Z,2.0.0
STORM-3216,2018-09-07T21:00:05Z,2018-09-10T17:07:50Z,
STORM-3217,2018-09-10T14:21:46Z,2018-09-13T21:05:13Z,2.0.0
STORM-3218,2018-09-11T13:28:27Z,2018-09-13T18:13:35Z,2.0.0
STORM-3219,2018-09-11T19:04:53Z,2018-09-13T19:28:55Z,2.0.0
STORM-3220,2018-09-11T19:45:46Z,2018-09-13T19:06:06Z,
STORM-3221,2018-09-12T14:59:58Z,2018-09-13T19:52:24Z,2.0.0
STORM-3223,2018-09-13T18:02:29Z,2018-09-14T18:33:30Z,2.0.0
STORM-3224,2018-09-13T19:51:41Z,2018-09-17T21:02:01Z,
STORM-3225,2018-09-14T16:23:46Z,2018-09-17T16:26:18Z,2.0.0
STORM-3228,2018-09-17T17:19:41Z,2018-09-18T19:57:51Z,2.0.0
STORM-3230,2018-09-19T14:11:13Z,2018-09-20T17:51:42Z,2.0.0
STORM-3235,2018-09-26T11:39:58Z,2018-09-28T17:44:51Z,
STORM-3236,2018-09-26T21:27:59Z,2018-09-28T18:08:21Z,2.0.0
STORM-3237,2018-09-27T18:25:22Z,2018-10-01T16:15:21Z,2.0.0
STORM-3238,2018-09-30T07:40:19Z,2018-10-04T22:03:05Z,2.0.0
STORM-3239,2018-09-30T07:52:53Z,2018-10-03T21:58:37Z,2.0.0
STORM-3240,2018-10-01T15:58:36Z,2018-10-03T18:18:54Z,2.0.0
STORM-3241,2018-10-01T20:33:41Z,2018-10-03T18:38:34Z,
STORM-3244,2018-10-03T19:16:21Z,2018-10-05T21:06:16Z,
STORM-3245,2018-10-04T19:15:36Z,2018-10-05T20:41:47Z,2.0.0
STORM-3246,2018-10-04T21:20:53Z,2018-10-05T21:09:21Z,
STORM-3247,2018-10-05T19:20:15Z,2018-10-08T13:42:16Z,2.0.0
STORM-3248,2018-10-08T16:49:48Z,2018-10-09T17:52:46Z,
STORM-3249,2018-10-08T18:24:52Z,2018-10-11T15:03:01Z,2.0.0
STORM-3251,2018-10-11T16:14:11Z,2018-10-12T21:41:41Z,
STORM-3252,2018-10-11T17:28:47Z,2018-10-12T21:18:37Z,1.2.2
STORM-3254,2018-10-12T14:27:47Z,2018-10-15T14:22:27Z,
STORM-3255,2018-10-12T18:09:01Z,2018-10-15T13:55:23Z,
STORM-3262,2018-10-18T16:14:02Z,2018-10-22T16:30:48Z,
STORM-3264,2018-10-19T21:59:05Z,2018-11-06T16:58:08Z,
STORM-3265,2018-10-19T22:19:52Z,2018-11-02T15:55:39Z,
STORM-3269,2018-10-22T14:20:24Z,2018-10-23T17:30:45Z,2.0.0
STORM-3272,2018-10-22T21:58:55Z,2018-12-05T16:50:58Z,
STORM-3273,2018-10-23T13:35:41Z,2018-10-24T15:14:43Z,2.0.0
STORM-3275,2018-10-24T21:53:21Z,2018-11-02T20:46:19Z,
STORM-3276,2018-10-26T16:46:40Z,2018-12-21T18:50:53Z,2.0.0
STORM-3277,2018-10-26T17:12:45Z,2018-10-27T15:13:27Z,1.2.2
STORM-3278,2018-10-26T21:29:15Z,2018-11-01T14:04:24Z,
STORM-3279,2018-11-04T21:02:40Z,2018-12-14T15:57:34Z,2.0.0
STORM-3282,2018-11-06T21:57:59Z,2019-03-16T03:26:14Z,
STORM-3284,2018-11-08T18:03:11Z,2018-11-13T17:12:25Z,
STORM-3288,2018-11-16T16:15:12Z,2018-11-24T14:02:49Z,2.0.0
STORM-3295,2018-12-04T22:11:38Z,2018-12-18T17:13:26Z,2.0.0
STORM-3297,2018-12-05T17:18:11Z,2018-12-11T19:29:23Z,2.0.0
STORM-3300,2018-12-08T15:36:07Z,2018-12-18T09:35:16Z,2.0.0
STORM-3301,2018-12-08T21:05:03Z,2018-12-11T18:41:46Z,2.0.0;1.2.2
STORM-3302,2018-12-10T19:53:39Z,2018-12-18T15:29:40Z,
STORM-3303,2018-12-11T20:00:13Z,2018-12-18T16:05:27Z,
STORM-3307,2019-01-03T16:30:16Z,2019-01-04T22:40:47Z,2.0.0
STORM-3309,2019-01-04T22:59:56Z,2019-01-30T11:42:11Z,2.0.0
STORM-3310,2019-01-06T22:20:39Z,2019-01-30T11:42:03Z,2.0.0
STORM-3317,2019-01-17T20:00:21Z,2019-01-29T23:38:51Z,2.0.0
STORM-3319,2019-01-21T12:43:31Z,2019-03-15T18:44:28Z,2.0.0
STORM-3320,2019-01-21T12:53:10Z,2019-02-26T19:54:34Z,2.0.0
STORM-3321,2019-01-21T13:05:16Z,2019-03-07T06:13:43Z,2.0.0
STORM-3327,2019-01-31T18:22:05Z,2019-02-16T11:53:44Z,2.0.0
STORM-3333,2019-02-05T21:39Z,2019-02-08T09:25:07Z,2.0.0
STORM-3343,2019-02-21T10:08Z,2019-02-26T19:54:23Z,2.0.0
STORM-3348,2019-02-28T08:57:07Z,2019-03-05T10:27:17Z,2.0.0;1.x;1.2.2
STORM-3352,2019-03-07T07:46:58Z,2019-03-16T03:24:57Z,2.0.0
STORM-3354,2019-03-07T08:27:23Z,2019-03-29T03:43:59Z,2.0.0
STORM-3356,2019-03-12T11:31:34Z,2019-03-16T03:57:21Z,2.0.0
STORM-3362,2019-03-25T22:57:04Z,2019-03-29T03:54:26Z,
STORM-3371,2019-04-04T07:56:28Z,2019-05-05T09:39:42Z,2.0.0
STORM-3372,2019-04-04T07:58:53Z,2019-07-29T21:57:38Z,2.0.0
STORM-3375,2019-04-12T04:33:24Z,2019-04-16T07:08:40Z,
STORM-3376,2019-04-12T18:24:48Z,2019-05-05T14:14:10Z,2.0.0
STORM-3377,2019-04-12T18:32:40Z,2019-04-19T14:37:57Z,2.0.0
STORM-3379,2019-04-13T08:58:36Z,2019-05-05T14:14:27Z,2.0.0
STORM-3381,2019-04-17T10:49:48Z,2019-04-18T12:58:19Z,2.0.0;1.2.3;1.1.4
STORM-3384,2019-04-25T14:18:17Z,2019-04-26T14:33:55Z,1.0.6;1.1.3;1.2.2
STORM-3385,2019-05-01T14:27:30Z,2019-05-17T10:10:52Z,
STORM-3390,2019-05-05T12:41:36Z,2019-05-08T16:01:09Z,2.0.0
STORM-3398,2019-05-31T10:03:36Z,2019-06-01T03:30:11Z,1.1.0;1.2.2
STORM-3400,2019-06-01T19:18:34Z,2020-03-14T15:47:28Z,
STORM-3404,2019-06-04T06:49:58Z,2023-10-23T18:15:21Z,1.2.2
STORM-3408,2019-06-10T16:00:40Z,2019-06-25T17:41:17Z,2.0.0
STORM-3422,2019-06-24T15:43:11Z,2019-07-08T18:01:53Z,2.0.0;1.2.2
STORM-3436,2019-06-29T09:45:02Z,2019-08-10T22:20:18Z,2.0.0
STORM-3466,2019-07-10T07:48:20Z,2019-08-10T22:16:06Z,2.0.0
STORM-3467,2019-07-18T18:37:03Z,2019-07-19T16:47:54Z,
STORM-3468,2019-07-18T20:49:34Z,2023-11-23T12:00:25Z,
STORM-3469,2019-07-19T06:46:23Z,2019-07-19T17:12:06Z,
STORM-3470,2019-07-19T17:35:17Z,2019-08-10T22:15:12Z,2.0.0
STORM-3481,2019-08-06T17:38:57Z,2019-08-10T22:12:06Z,2.0.0
STORM-3485,2019-08-15T15:58:15Z,2019-08-16T15:43:54Z,2.1.0
STORM-3488,2019-08-16T18:26:32Z,2019-09-05T18:09:04Z,
STORM-3491,2019-08-19T15:21:17Z,2019-08-20T15:48:25Z,2.1.0
STORM-3498,2019-08-24T14:44:40Z,2019-08-24T15:59:20Z,
STORM-3500,2019-08-27T20:28:09Z,2019-08-30T16:51:30Z,2.1.0
STORM-3501,2019-08-28T13:34:35Z,2019-08-31T17:21:41Z,2.0.0;2.1.0
STORM-3504,2019-08-31T13:25:18Z,2019-09-12T15:23:20Z,2.0.0
STORM-3510,2019-09-19T13:05:33Z,2019-10-01T14:39:21Z,2.2.0
STORM-3511,2019-09-25T16:43:09Z,2020-01-03T15:59:06Z,2.0.0;2.1.0
STORM-3512,2019-09-25T17:36:59Z,2020-01-24T11:39:49Z,2.0.0
STORM-3515,2019-10-01T19:18:27Z,2019-10-11T18:52:34Z,2.0.0
STORM-3516,2019-10-02T18:46:35Z,2019-10-09T20:39:53Z,
STORM-3519,2019-10-07T21:29:07Z,2019-10-15T22:58:08Z,2.0.0
STORM-3520,2019-10-10T18:57:55Z,2019-10-11T18:52:20Z,2.0.0
STORM-3521,2019-10-10T19:14:13Z,2019-10-23T16:16:52Z,2.0.0
STORM-3523,2019-10-14T14:36:34Z,2019-10-31T18:05Z,2.0.0
STORM-3524,2019-10-15T14:53:29Z,2019-10-17T19:12:31Z,2.0.0
STORM-3527,2019-10-22T20:01:10Z,2019-10-25T13:39:32Z,
STORM-3540,2019-11-15T20:14:19Z,2020-04-27T21:37:57Z,2.1.0
STORM-3549,2019-12-02T17:22:50Z,2020-01-08T15:26:35Z,2.1.0
STORM-3551,2019-12-06T21:47:33Z,2019-12-17T19:55:50Z,2.1.0
STORM-3552,2019-12-09T16:33:42Z,2020-01-03T06:24:10Z,2.0.0;2.1.0
STORM-3553,2019-12-10T15:29:52Z,2020-07-10T21:16:05Z,2.0.0;1.2.3;2.1.0;2.2.0
STORM-3559,2019-12-27T02:44:32Z,2020-01-03T16:07:20Z,2.0.1
STORM-3563,2020-01-03T06:40:47Z,2020-01-03T15:56:12Z,2.1.0;2.2.0
STORM-3567,2020-01-16T20:31:57Z,2020-01-24T22:37:49Z,2.1.0
STORM-3568,2020-01-17T21:20:03Z,2020-01-23T20:21:14Z,
STORM-3572,2020-01-31T21:36:40Z,2020-02-03T20:49:31Z,
STORM-3577,2020-02-07T17:19:37Z,2020-02-12T14:55:40Z,2.0.0;2.1.0
STORM-3580,2020-02-10T21:55:01Z,2020-02-12T22:54:07Z,2.0.0;2.1.0
STORM-3583,2020-02-18T17:05:33Z,2020-04-23T18:58:48Z,
STORM-3598,2020-03-11T16:26:48Z,2020-03-13T14:26:24Z,2.0.0;2.1.0
STORM-3602,2020-03-12T16:02:19Z,2020-03-19T14:00Z,2.0.0;2.1.0
STORM-3603,2020-03-15T11:03:05Z,2020-03-16T04:35:56Z,
STORM-3606,2020-03-25T17:57:23Z,2020-04-08T21:19:53Z,2.0.0;1.2.3;2.1.0
STORM-3609,2020-03-26T22:24:38Z,2020-03-30T15:05:42Z,2.0.0;2.1.0
STORM-3613,2020-03-30T15:45:05Z,2020-04-01T20:22:02Z,2.0.0;2.1.0
STORM-3620,2020-04-09T14:27:30Z,2020-06-05T18:30:51Z,2.0.0;2.1.0
STORM-3622,2020-04-15T14:06:14Z,2020-04-16T13:39:50Z,2.2.0
STORM-3623,2020-04-15T14:12:51Z,2020-04-28T18:47:54Z,2.0.0;2.1.0
STORM-3624,2020-04-15T21:43:11Z,2020-06-15T15:08:34Z,2.0.0;2.1.0;2.2.0
STORM-3626,2020-04-17T16:00:44Z,2020-04-21T18:43:23Z,2.0.0;2.1.0
STORM-3629,2020-04-29T22:44:35Z,2020-05-01T14:08:37Z,2.0.0;2.1.0
STORM-3631,2020-05-01T19:44:09Z,2020-05-04T20:01:12Z,2.0.0;2.1.0
STORM-3649,2020-06-08T20:46:21Z,2020-06-09T20:27:14Z,2.0.0;2.1.0;2.2.0
STORM-3652,2020-06-12T02:33:06Z,2020-08-20T01:08:31Z,2.0.0;2.1.0;2.2.0
STORM-3655,2020-06-23T12:05:03Z,2020-07-01T13:55:15Z,2.0.0;2.1.0;2.2.0
STORM-3658,2020-06-24T20:03:41Z,2020-07-02T14:07:38Z,2.0.0;2.1.0;2.2.0
STORM-3663,2020-06-26T22:51:12Z,2020-07-07T21:02:58Z,2.2.0
STORM-3666,2020-07-02T20:10:40Z,2020-09-17T13:55:06Z,2.0.0;2.1.0;2.2.0
STORM-3677,2020-07-17T18:03:09Z,2020-07-21T16:38:34Z,2.0.0;2.1.0;2.2.0
STORM-3679,2020-07-21T19:10:35Z,2020-07-28T14:03:37Z,2.0.0;2.1.0;2.2.0
STORM-3684,2020-08-04T19:29:14Z,2020-08-07T18:04:54Z,2.0.0;2.1.0;2.2.0
STORM-3690,2020-08-25T05:27:10Z,2020-08-26T14:55:27Z,2.3.0
STORM-3693,2020-08-31T16:12:15Z,2025-01-13T09:33:50Z,2.1.0
STORM-3695,2020-09-03T21:26:40Z,2020-09-08T14:00:29Z,
STORM-3696,2020-09-08T19:11:07Z,2020-09-09T19:58:43Z,
STORM-3699,2020-09-15T20:32:58Z,2020-09-18T15:01:58Z,2.0.0;2.1.0;2.2.0
STORM-3701,2020-09-16T15:43:44Z,2020-09-21T18:39:38Z,2.0.0;2.1.0;2.2.0
STORM-3704,2020-10-01T19:27:45Z,2021-03-17T18:43:45Z,2.2.0
STORM-3712,2020-10-31T07:16:24Z,2020-11-02T15:54:37Z,
STORM-3713,2020-11-09T14:47:40Z,2024-01-26T07:49:28Z,
STORM-3720,2020-12-04T17:38:35Z,2020-12-10T15:16:43Z,
STORM-3723,2020-12-14T22:01:24Z,2020-12-17T02:43:16Z,
STORM-3725,2020-12-17T19:15:50Z,2020-12-22T15:26:16Z,2.0.0;2.1.0;2.2.0
STORM-3727,2020-12-21T20:09:53Z,2021-01-05T17:34:53Z,2.2.0
STORM-3728,2020-12-22T05:08:26Z,2020-12-23T15:09:27Z,2.0.0;2.1.0;2.2.0
STORM-3729,2020-12-23T08:16:14Z,2021-01-05T15:32:02Z,2.0.0;2.1.0;2.2.0
STORM-3731,2020-12-24T10:28:36Z,2021-01-05T15:33:35Z,
STORM-3733,2021-01-05T17:15:35Z,2021-01-12T16:03:40Z,
STORM-3735,2021-01-13T20:43:51Z,2021-01-19T15:48:39Z,2.0.0;2.1.0;2.2.0
STORM-3740,2021-01-29T17:54:42Z,2021-02-05T16:13:41Z,
STORM-3741,2021-02-04T07:23:01Z,2021-02-17T18:33:16Z,
STORM-3748,2021-03-02T22:35:06Z,2021-03-05T16:17:04Z,
STORM-3763,2021-03-31T14:01:59Z,2021-04-01T16:24:13Z,2.0.0;2.1.0;2.2.0
STORM-3765,2021-04-22T19:35:24Z,2021-05-03T18:17:44Z,2.0.0;2.1.0;2.2.0
STORM-3767,2021-04-27T16:19:21Z,2021-09-23T17:56:02Z,2.0.0;2.1.0;2.2.0
STORM-3769,2021-04-29T19:38:20Z,2021-05-03T18:27:40Z,
STORM-3775,2021-06-03T18:33:28Z,2021-06-21T14:43:14Z,
STORM-3785,2021-07-26T15:53:55Z,2021-09-22T19:48:56Z,2.2.0
STORM-3816,2022-01-10T14:35:53Z,2022-04-21T07:17:37Z,2.3.0
STORM-3819,2022-01-20T07:20:51Z,2022-02-24T17:17:21Z,
STORM-3822,2022-02-08T23:04:10Z,2022-04-08T06:00:42Z,2.3.1
STORM-3823,2022-02-18T23:51:45Z,2023-08-28T06:42:28Z,2.3.0
STORM-3838,2022-03-29T19:49:45Z,2022-04-08T05:48:16Z,
STORM-3862,2022-05-05T11:48:15Z,2022-05-16T16:10:06Z,2.4.0
STORM-3875,2022-07-12T18:44:19Z,2022-07-18T16:38:50Z,
STORM-3876,2022-07-18T16:53:19Z,2023-06-01T21:05:16Z,
STORM-3917,2023-05-08T16:58:47Z,2023-05-12T12:58:38Z,2.4.0
STORM-3923,2023-06-16T17:20:39Z,2023-06-19T14:17:42Z,2.4.0
STORM-3924,2023-06-19T15:15:08Z,2023-08-25T10:18:21Z,
STORM-3940,2023-08-01T08:56:31Z,2023-08-02T09:34:04Z,2.4.0
STORM-3944,2023-08-08T08:15:32Z,2023-08-08T14:06:49Z,2.5.0
STORM-3954,2023-08-15T19:59:58Z,2023-08-24T14:45:29Z,2.6.0
STORM-3956,2023-08-17T10:19:56Z,2023-08-25T07:26:57Z,2.3.0
STORM-3984,2023-09-25T15:22:31Z,2023-09-26T05:47:32Z,2.5.0
STORM-3994,2023-11-02T15:12:04Z,2023-11-09T14:03:27Z,2.5.0
STORM-4017,2024-01-05T20:45:31Z,2024-01-16T07:14:38Z,2.3.0;2.4.0;2.5.0;2.6.0
STORM-4018,2024-01-09T14:27:27Z,2024-01-16T08:23:24Z,2.6.0
STORM-4023,2024-01-23T16:34:24Z,2024-01-25T10:22:45Z,2.6.0
STORM-4024,2024-01-24T14:59:19Z,2024-01-25T10:22:11Z,2.0.0
STORM-4025,2024-01-25T08:33:37Z,2024-01-25T11:21:50Z,2.6.0
STORM-4037,2024-02-28T21:49Z,2024-05-23T11:27:59Z,
STORM-4051,2024-04-05T17:44:40Z,2024-04-05T17:45:30Z,
STORM-4052,2024-04-05T18:15:33Z,2024-04-07T18:17:49Z,2.6.1;2.6.2
STORM-4055,2024-04-30T21:45:10Z,2024-11-18T18:41:53Z,2.6.1
STORM-4057,2024-06-07T18:36:26Z,2024-07-02T09:16:16Z,2.6.1
STORM-4060,2024-06-20T20:10:51Z,2024-06-25T10:06:23Z,1.1.3;1.2.4;2.6.2
STORM-4069,2024-08-09T17:49:32Z,2024-08-31T21:48:41Z,2.6.0;2.6.1;2.6.2
STORM-4077,2024-08-22T17:45:33Z,2024-11-18T18:41:12Z,2.6.1
STORM-4085,2024-10-08T17:34:48Z,2024-11-18T18:40:36Z,
STORM-4104,2024-11-07T19:59:32Z,2024-11-11T08:14:03Z,2.0.0
STORM-4106,2024-11-09T21:00:34Z,2024-11-11T20:25:26Z,2.5.0
STORM-4148,2025-01-10T11:22:54Z,2025-01-10T14:21:59Z,2.7.0
STORM-4149,2025-01-10T12:22:14Z,2025-01-10T12:22:18Z,2.7.0
STORM-4154,2025-01-13T12:06:14Z,2025-01-14T17:06:27Z,2.7.0
