Release ID,Version Name,Date,Tag,Commit,Included
1,0.9.0.1,2013-12-06,0.9.0.1,1bcc169f5096e03a4ae117efc65c0f9bcfa2fa22,yes
2,0.9.1-incubating,2014-02-10,v0.9.1-incubating,ffc7a81bfba60c735dd6801af4f5e8db3812658c,yes
3,0.9.2-incubating,2014-06-25,v0.9.2-incubating,24d4a14de310cbbfebdc4a50d8cc9d86f9943087,yes
4,0.9.3,2014-11-25,v0.9.3,20ce2bb9088e793b3b019110d07e77896bb642e8,yes
5,0.9.4,2015-03-25,v0.9.4,00091d7952681a39281aa171adfad133a5e26330,yes
6,0.9.5,2015-06-04,v0.9.5,c9c47b36071c02488ee1e75eb3851e58191b7534,yes
7,0.10.0,2015-11-05,v0.10.0,d02f94268dec229d1125a24fdf53fa303cbc2b29,yes
8,1.0.0,2016-04-12,v1.0.0,dba655a47aaad74f26b9bb9a75fa52c0eedd8b1e,yes
9,1.0.1,2016-05-06,v1.0.1,b5c16f919ad4099e6fb25f1095c9af8b64ac9f91,yes
10,1.0.2,2016-08-10,v1.0.2,54f319fd56c33437364c550a800ac9e6fe058b95,no
11,1.0.3,2017-02-14,v1.0.3,eac433b0beb3798c4723deb39b3c4fad446378f4,no
12,1.1.0,2017-03-29,v1.1.0,e40d213de7067f7d3aa4d4992b81890d8ed6ff31,no
13,1.1.1,2017-08-01,v1.1.1,41bfea87b1a002565333bd18a06d766af1ca3816,no
14,1.2.1,2018-02-15,v1.2.1,d156d25d991311eaa1f5131d3dc34787f87ce684,no
15,1.2.2,2018-06-04,v1.2.2,d2d6f40344e6cc92ab07f3a462d577ef6b61f8b1,no
16,2.0.0,2019-05-30,v2.0.0,2ba95bbd1c911d4fc6363b1c4b9c4c6d86ac9aae,no
17,2.1.0,2019-10-31,v2.1.0,79fc9b3e6aeec623b42d165536a936d28f2b12f1,no
18,2.2.0,2020-06-30,v2.2.0,bf1986345de5de605abb4fc7b6051fce762bbca5,no
19,2.3.0,2021-09-27,v2.3.0,b5252eda18e76c4f42af58d7481ea66cf3ec8471,no
20,2.4.0,2022-03-25,v2.4.0,a432e99bca526886655cc1d5b2453a09b302b5ca,no
21,2.5.0,2023-08-04,v2.5.0,710d868110e76d13b0b2d4ce12d4fac5c9c6801e,no
22,2.6.0,2023-11-16,v2.6.0,ae3a96e762095553311d9e335f7505c0b351d810,no
23,2.6.1,2024-02-02,v2.6.1,682c54d320f4f349efdb580d03616902eb23b4d6,no
24,2.6.2,2024-04-05,v2.6.2,1be2faa1006b9063a866c450a8c2aaad19e3e25f,no
25,2.6.3,2024-08-09,v2.6.3,72f95026501fec6dcd85a8383fb4767db47d3a5b,no
26,2.7.0,2024-09-03,v2.7.0,b95a7f25a114ae7fb9c23cbc2979d3cfff09fa73,no
27,2.7.1,2024-12-02,v2.7.1,c4eb41553d54ad4d6b787bbda76ad0e4834a017d,no
